crate,config,lto,opt,panic,role,path,size_bytes,sha256
bandwhich,lto-fat_opt-3_panic-abort,fat,3,abort,debug,bench/origin/build/bandwhich/lto-fat_opt-3_panic-abort/bandwhich.debug,5293672,e52de6bc69bde428eb36509daa61f320000f1ac164c3f430f0f277c31f8271e8
bandwhich,lto-fat_opt-3_panic-abort,fat,3,abort,stripped,bench/origin/build/bandwhich/lto-fat_opt-3_panic-abort/bandwhich.stripped,2487800,c1d83a3a8d39aeee02777e5ae08c5b630166f81102e84bb3742df579b19938ba
bandwhich,lto-fat_opt-3_panic-unwind,fat,3,unwind,debug,bench/origin/build/bandwhich/lto-fat_opt-3_panic-unwind/bandwhich.debug,5778984,df4c1efe708423c98b875091d83b9e49158c0e0ae6aebf181b18a5f1d49d17b2
bandwhich,lto-fat_opt-3_panic-unwind,fat,3,unwind,stripped,bench/origin/build/bandwhich/lto-fat_opt-3_panic-unwind/bandwhich.stripped,2814872,a314718f3412b07177da1cdaaba1cda5994914ef57383369e7693017ffb70e3f
bandwhich,lto-fat_opt-z_panic-abort,fat,z,abort,debug,bench/origin/build/bandwhich/lto-fat_opt-z_panic-abort/bandwhich.debug,4845608,91cb3f159309d7749086ed4a83dbdb2d26b88c8b7a6e97db551a2d7d6d51343a
bandwhich,lto-fat_opt-z_panic-abort,fat,z,abort,stripped,bench/origin/build/bandwhich/lto-fat_opt-z_panic-abort/bandwhich.stripped,1841520,2809aea35f0508876dae31f25824968109973708cd078131351999681d288e3e
bandwhich,lto-fat_opt-z_panic-unwind,fat,z,unwind,debug,bench/origin/build/bandwhich/lto-fat_opt-z_panic-unwind/bandwhich.debug,5243528,4bdcbc159be92d9cc568c6fd0ba85df8566fa54bd5e939670e233490af1b0161
bandwhich,lto-fat_opt-z_panic-unwind,fat,z,unwind,stripped,bench/origin/build/bandwhich/lto-fat_opt-z_panic-unwind/bandwhich.stripped,2078816,cccf780abd6f12aa0fffe90eef4f8d2f7ced11784a88ffbee6deaf64e141c837
bandwhich,lto-thin_opt-3_panic-abort,thin,3,abort,debug,bench/origin/build/bandwhich/lto-thin_opt-3_panic-abort/bandwhich.debug,6139024,504c460e8d92058c754f8cf2d00adfc9258e2679a36a4219711b9c4eadefcb18
bandwhich,lto-thin_opt-3_panic-abort,thin,3,abort,stripped,bench/origin/build/bandwhich/lto-thin_opt-3_panic-abort/bandwhich.stripped,2870280,bc7b95a580489fd5123ff6ba51f43425c3e2b4f5113ad5b8d779f039a03bc2e1
bandwhich,lto-thin_opt-3_panic-unwind,thin,3,unwind,debug,bench/origin/build/bandwhich/lto-thin_opt-3_panic-unwind/bandwhich.debug,6649344,bf93b1e5c67c8dfc5e944617ff59f0cdf4cba35cc2fcc74ecf6da09b4cd8f2fd
bandwhich,lto-thin_opt-3_panic-unwind,thin,3,unwind,stripped,bench/origin/build/bandwhich/lto-thin_opt-3_panic-unwind/bandwhich.stripped,3188416,e28c7bfaf294f7409fa88df0167b97decf023abe49cbc7e415b4e151e007e157
bandwhich,lto-thin_opt-z_panic-abort,thin,z,abort,debug,bench/origin/build/bandwhich/lto-thin_opt-z_panic-abort/bandwhich.debug,6367944,8e9092b799d4cca7a86c56bba52368ae12560b59d922b967ecd5f715c3d4c677
bandwhich,lto-thin_opt-z_panic-abort,thin,z,abort,stripped,bench/origin/build/bandwhich/lto-thin_opt-z_panic-abort/bandwhich.stripped,2330120,1ce56d74eefb7804a67cc19284aa62e4c7e09a8b7012d02cc969c66b8f413bdc
bandwhich,lto-thin_opt-z_panic-unwind,thin,z,unwind,debug,bench/origin/build/bandwhich/lto-thin_opt-z_panic-unwind/bandwhich.debug,6826008,99ba1743e76f9662e703ef62957d9c38994da71d515b11a5559313db439d5107
bandwhich,lto-thin_opt-z_panic-unwind,thin,z,unwind,stripped,bench/origin/build/bandwhich/lto-thin_opt-z_panic-unwind/bandwhich.stripped,2584024,8a6de41ca88c80051eb2e81924735215af5b2f105259169c1613377730bc7e81
bat,lto-fat_opt-3_panic-abort,fat,3,abort,debug,bench/origin/build/bat/lto-fat_opt-3_panic-abort/bat.debug,10665144,f920117a43bed71706096e6a3889f62b7e1588fe67bb5bb4378dae05f6c508a9
bat,lto-fat_opt-3_panic-abort,fat,3,abort,stripped,bench/origin/build/bat/lto-fat_opt-3_panic-abort/bat.stripped,7124288,bf4edbe0777c3f12e83baac6cfc3a8cfb7525eb89c5692bd00018745b2d996df
bat,lto-fat_opt-3_panic-unwind,fat,3,unwind,debug,bench/origin/build/bat/lto-fat_opt-3_panic-unwind/bat.debug,11291200,9550ae2ae93adca843d3031a4b37437bd3e49a09a5f08c54e3dca824464f84d6
bat,lto-fat_opt-3_panic-unwind,fat,3,unwind,stripped,bench/origin/build/bat/lto-fat_opt-3_panic-unwind/bat.stripped,7545760,184797b0347180b75c046c505736019256aa2b1f23e15322dbcf875243438422
bat,lto-fat_opt-z_panic-abort,fat,z,abort,debug,bench/origin/build/bat/lto-fat_opt-z_panic-abort/bat.debug,9583144,3e9b0985f93af2959770e73e05224f716b478878051a75b2f00cf20dbcf8d33d
bat,lto-fat_opt-z_panic-abort,fat,z,abort,stripped,bench/origin/build/bat/lto-fat_opt-z_panic-abort/bat.stripped,5777440,d85616e36d7437b207d3da189412f05f539916dc2c3cfb4567ef114c4135d01a
bat,lto-fat_opt-z_panic-unwind,fat,z,unwind,debug,bench/origin/build/bat/lto-fat_opt-z_panic-unwind/bat.debug,10045616,98a9167ce0bb9e1871addb1d0fa893568d8692ce4022bcff6ac464afdb0d7ff7
bat,lto-fat_opt-z_panic-unwind,fat,z,unwind,stripped,bench/origin/build/bat/lto-fat_opt-z_panic-unwind/bat.stripped,6043488,f864e4a9f75184c39482d8b7cfdf80ef24592d5569b50b67c797991087ffe014
bat,lto-thin_opt-3_panic-abort,thin,3,abort,debug,bench/origin/build/bat/lto-thin_opt-3_panic-abort/bat.debug,11555592,8d8acfc3bb3f84bfa0a4175d56f1e2d20153cb7957817f5f4c24b9f63fb2266f
bat,lto-thin_opt-3_panic-abort,thin,3,abort,stripped,bench/origin/build/bat/lto-thin_opt-3_panic-abort/bat.stripped,7553632,6da1dea19217dead3bb4a937bcab7527930572f3d1340b0ba772ed98f72045ea
bat,lto-thin_opt-3_panic-unwind,thin,3,unwind,debug,bench/origin/build/bat/lto-thin_opt-3_panic-unwind/bat.debug,12288024,43799f983f0a7a762cea56b15fe6b30610825f7ab20632363e46b3dc0d928df0
bat,lto-thin_opt-3_panic-unwind,thin,3,unwind,stripped,bench/origin/build/bat/lto-thin_opt-3_panic-unwind/bat.stripped,8029856,dd95c41a3de8c752223fadb25a6a9548e1351eec0d95458c441bd996365ab453
bat,lto-thin_opt-z_panic-abort,thin,z,abort,debug,bench/origin/build/bat/lto-thin_opt-z_panic-abort/bat.debug,12245288,08bea0cee4d6e21dbe11a873fcdc984443693afa9fd86d628a00bff717a4cb66
bat,lto-thin_opt-z_panic-abort,thin,z,abort,stripped,bench/origin/build/bat/lto-thin_opt-z_panic-abort/bat.stripped,6690304,fb3482054f8b014765cd00c39aec8dcad572088ecf9e72965bdebc49a0fb0375
bat,lto-thin_opt-z_panic-unwind,thin,z,unwind,debug,bench/origin/build/bat/lto-thin_opt-z_panic-unwind/bat.debug,12813368,3deeb36c9439e5aa366afef1926b7a74ecae2dee66498ad67b97581a9bb3e1c8
bat,lto-thin_opt-z_panic-unwind,thin,z,unwind,stripped,bench/origin/build/bat/lto-thin_opt-z_panic-unwind/bat.stripped,6981792,9990aba691f5aa755307691792e2ae48f4fe49a1b194b23448451bc95e985e3d
bottom,lto-fat_opt-3_panic-abort,fat,3,abort,debug,bench/origin/build/bottom/lto-fat_opt-3_panic-abort/btm.debug,7665072,9926c73237a659627a3ef3a22075acf8fefe3b0ec6729cccec1bbf436b47227d
bottom,lto-fat_opt-3_panic-abort,fat,3,abort,stripped,bench/origin/build/bottom/lto-fat_opt-3_panic-abort/btm.stripped,4621600,8ea16f3a86bdbc1df182586d09ddde942a965f3015ad676c0dac2c8ec5ca9d94
bottom,lto-fat_opt-3_panic-unwind,fat,3,unwind,debug,bench/origin/build/bottom/lto-fat_opt-3_panic-unwind/btm.debug,8289048,69f60c18af47ca97736eb6340b409c53881962d175ba1e0fddae4a8aac215573
bottom,lto-fat_opt-3_panic-unwind,fat,3,unwind,stripped,bench/origin/build/bottom/lto-fat_opt-3_panic-unwind/btm.stripped,5081824,726c8974d5667887da757b1b76ec100709cd7a413b25592ef584f7f8cf8f272c
bottom,lto-fat_opt-z_panic-abort,fat,z,abort,debug,bench/origin/build/bottom/lto-fat_opt-z_panic-abort/btm.debug,6827960,11675d9fc9acacf671f8b9d4bec3bec8b5aac7e8ca472ccc4d25c3cca907b32c
bottom,lto-fat_opt-z_panic-abort,fat,z,abort,stripped,bench/origin/build/bottom/lto-fat_opt-z_panic-abort/btm.stripped,3508736,a32341c41172c7a65c376141e28922a6b6f162c0752c148f84ac8cd4e752149b
bottom,lto-fat_opt-z_panic-unwind,fat,z,unwind,debug,bench/origin/build/bottom/lto-fat_opt-z_panic-unwind/btm.debug,7275904,fc2041974f168ff240ebee1ff81670e61ceb7116ee8c586eee8b73e425c6b503
bottom,lto-fat_opt-z_panic-unwind,fat,z,unwind,stripped,bench/origin/build/bottom/lto-fat_opt-z_panic-unwind/btm.stripped,3818352,3bdaaa9926b500976ca8df02fc6f8ffddb0cc33ee131d2c9e409276ec91ae922
bottom,lto-thin_opt-3_panic-abort,thin,3,abort,debug,bench/origin/build/bottom/lto-thin_opt-3_panic-abort/btm.debug,8222864,f8b7d6fb5060b5c61aba45d35068cf3361ac60fa05dff44a6da894001cba24ef
bottom,lto-thin_opt-3_panic-abort,thin,3,abort,stripped,bench/origin/build/bottom/lto-thin_opt-3_panic-abort/btm.stripped,4816088,d8d16e333c46df2fc5e5cce49a4a37b0875ef38878c14480796322b61d1f30ef
bottom,lto-thin_opt-3_panic-unwind,thin,3,unwind,debug,bench/origin/build/bottom/lto-thin_opt-3_panic-unwind/btm.debug,8905760,c265a3969ef8434508149b826178f72611bd2e61b7e984d453e700ef03d2ccc1
bottom,lto-thin_opt-3_panic-unwind,thin,3,unwind,stripped,bench/origin/build/bottom/lto-thin_opt-3_panic-unwind/btm.stripped,5295528,0c64b76dbbda256b89c2ae8c68a9c922cc16d7f8742f872ddc9b11660d0fd66d
bottom,lto-thin_opt-z_panic-abort,thin,z,abort,debug,bench/origin/build/bottom/lto-thin_opt-z_panic-abort/btm.debug,9260072,37cd2beb2d521dfa2e221593944460515eff1561043b3665f5c1622644cff716
bottom,lto-thin_opt-z_panic-abort,thin,z,abort,stripped,bench/origin/build/bottom/lto-thin_opt-z_panic-abort/btm.stripped,4216208,6532e8a8b6b9d96d4b16a50655e7c06db9a5a30d3b312415d89218497a8eb61d
bottom,lto-thin_opt-z_panic-unwind,thin,z,unwind,debug,bench/origin/build/bottom/lto-thin_opt-z_panic-unwind/btm.debug,9766800,406feb110d8ad3e1cc4bf380c914981011ee3b6421bd0e5441edf9c097508154
bottom,lto-thin_opt-z_panic-unwind,thin,z,unwind,stripped,bench/origin/build/bottom/lto-thin_opt-z_panic-unwind/btm.stripped,4530208,b2947188cf06d64ce333d483b278a7e6e42b5f89ec3c9ca594f7df41c11fba56
dprint,lto-fat_opt-3_panic-abort,fat,3,abort,debug,bench/origin/build/dprint/lto-fat_opt-3_panic-abort/dprint.debug,24376032,e004b7efba542a676324a422cabd140bdc95fd1980694b2d270a8ba6a8f14701
dprint,lto-fat_opt-3_panic-abort,fat,3,abort,stripped,bench/origin/build/dprint/lto-fat_opt-3_panic-abort/dprint.stripped,18008360,b3bbe09045d8602233625955d2d7797167301c1dda19e68d98e7b9792acafe3e
dprint,lto-fat_opt-3_panic-unwind,fat,3,unwind,debug,bench/origin/build/dprint/lto-fat_opt-3_panic-unwind/dprint.debug,27374864,ecebafb98ee0d0c55548190400a6db79d89d76b54e61fba46eed007bbc53964f
dprint,lto-fat_opt-3_panic-unwind,fat,3,unwind,stripped,bench/origin/build/dprint/lto-fat_opt-3_panic-unwind/dprint.stripped,20227816,9f1fff438fe510c998a2d6de558d9715323b665c1e1355d0090b07f9132c1f82
dprint,lto-fat_opt-z_panic-abort,fat,z,abort,debug,bench/origin/build/dprint/lto-fat_opt-z_panic-abort/dprint.debug,17100928,1e378f6ba51061d77c3b6e7907ebabbedf443871d80c630fd75f2459ff812f4e
dprint,lto-fat_opt-z_panic-abort,fat,z,abort,stripped,bench/origin/build/dprint/lto-fat_opt-z_panic-abort/dprint.stripped,11444456,0c945864b588092066ada00fa17cb11d913619f1b9ae6bfef3b0b85d8426dd62
dprint,lto-fat_opt-z_panic-unwind,fat,z,unwind,debug,bench/origin/build/dprint/lto-fat_opt-z_panic-unwind/dprint.debug,19356472,796d8c3a9d58bb7726025886f7a61deaf631c97fa32c7b3db31053c1df787938
dprint,lto-fat_opt-z_panic-unwind,fat,z,unwind,stripped,bench/origin/build/dprint/lto-fat_opt-z_panic-unwind/dprint.stripped,13121448,83f98a540ebbf6d3f2aafeb1340895229311c59c536627940727b910a73ff4c0
dprint,lto-thin_opt-3_panic-abort,thin,3,abort,debug,bench/origin/build/dprint/lto-thin_opt-3_panic-abort/dprint.debug,26447832,d184a5d0adcec958fa950b30e50380d09e919d68ffbce679d0beb07260fca871
dprint,lto-thin_opt-3_panic-abort,thin,3,abort,stripped,bench/origin/build/dprint/lto-thin_opt-3_panic-abort/dprint.stripped,19190440,eb84f3f39a1d23c53302923095c480cb012959dc68598d06e590281be0859af4
dprint,lto-thin_opt-3_panic-unwind,thin,3,unwind,debug,bench/origin/build/dprint/lto-thin_opt-3_panic-unwind/dprint.debug,29602296,5d800fc0deed1ecbc9c2d60ea73dec51b242038125cba4d03304ae14d50065e6
dprint,lto-thin_opt-3_panic-unwind,thin,3,unwind,stripped,bench/origin/build/dprint/lto-thin_opt-3_panic-unwind/dprint.stripped,21484168,c2914ad6481198319d0155a7fc7d598793268b673a8861e07fca2ab3862ab18c
dprint,lto-thin_opt-z_panic-abort,thin,z,abort,debug,bench/origin/build/dprint/lto-thin_opt-z_panic-abort/dprint.debug,24207272,0188e34e840f77c9e1304f1d8223569f2e8467f7f15cc602355f49fd4a39c9cb
dprint,lto-thin_opt-z_panic-abort,thin,z,abort,stripped,bench/origin/build/dprint/lto-thin_opt-z_panic-abort/dprint.stripped,14512200,9c0970d068f2364b1324fdf2885e510369bcae19873d99578c62b510eda3e73f
dprint,lto-thin_opt-z_panic-unwind,thin,z,unwind,debug,bench/origin/build/dprint/lto-thin_opt-z_panic-unwind/dprint.debug,26469368,1260cb75f53ceefda9d3d34c4f7d4fed21773bedf2c7e95f99a946a6821034f5
dprint,lto-thin_opt-z_panic-unwind,thin,z,unwind,stripped,bench/origin/build/dprint/lto-thin_opt-z_panic-unwind/dprint.stripped,16023880,5d82e05b00586a2049ff0bd4b902a5fbaa3dfe60f469d563e0c23be1c21584f8
dufs,lto-fat_opt-3_panic-abort,fat,3,abort,debug,bench/origin/build/dufs/lto-fat_opt-3_panic-abort/dufs.debug,9338384,1729f938825653903d81d595d2ad226780ba5266e13d49df928ed45ebcc11d6c
dufs,lto-fat_opt-3_panic-abort,fat,3,abort,stripped,bench/origin/build/dufs/lto-fat_opt-3_panic-abort/dufs.stripped,6406776,32c5ad38adb6c0fe43444e1c815fbb49fd0f045127d6da5ea10aadea03c985eb
dufs,lto-fat_opt-3_panic-unwind,fat,3,unwind,debug,bench/origin/build/dufs/lto-fat_opt-3_panic-unwind/dufs.debug,10065144,ed1b52293b8c0631dbd225afe80ddec5835f3c6a3aa21245052688cf5e6fafa8
dufs,lto-fat_opt-3_panic-unwind,fat,3,unwind,stripped,bench/origin/build/dufs/lto-fat_opt-3_panic-unwind/dufs.stripped,6938408,edefec71b34f3cd82415ad2f3843aede8b1652b3f9c29accf74a10fb0563594f
dufs,lto-fat_opt-z_panic-abort,fat,z,abort,debug,bench/origin/build/dufs/lto-fat_opt-z_panic-abort/dufs.debug,8551152,f7010710913a6d3e41f00fca3893b0e42a6a4e509a47bc0b01ff3f8f7c1437c7
dufs,lto-fat_opt-z_panic-abort,fat,z,abort,stripped,bench/origin/build/dufs/lto-fat_opt-z_panic-abort/dufs.stripped,5362056,74d02b51e73d37f8b333a3642b34bebf3a0ed5cec84738c4a567a5bc0fc7e3f3
dufs,lto-fat_opt-z_panic-unwind,fat,z,unwind,debug,bench/origin/build/dufs/lto-fat_opt-z_panic-unwind/dufs.debug,9068048,0c4f7cec82c6fa7405e9c228b41e940f359cc8ae1ba6bdf0e01bb37e34719aa4
dufs,lto-fat_opt-z_panic-unwind,fat,z,unwind,stripped,bench/origin/build/dufs/lto-fat_opt-z_panic-unwind/dufs.stripped,5716248,8221c7fa989ea5c7ad9626c9bad3f1d4d634652cbc8f453c903141e1bcb39db7
dufs,lto-thin_opt-3_panic-abort,thin,3,abort,debug,bench/origin/build/dufs/lto-thin_opt-3_panic-abort/dufs.debug,10515688,33e3a104f3c2fffabd7b7ff38e7488ed247378587a40307d29f34e49b373774b
dufs,lto-thin_opt-3_panic-abort,thin,3,abort,stripped,bench/origin/build/dufs/lto-thin_opt-3_panic-abort/dufs.stripped,6949808,2319de75e26fcadd9ca89d60ceb0c3b2f8de69b5f66aef1f3ee390f1b01320a9
dufs,lto-thin_opt-3_panic-unwind,thin,3,unwind,debug,bench/origin/build/dufs/lto-thin_opt-3_panic-unwind/dufs.debug,11323112,680255211caf2550f9ea2af65f7aaf34f3a0b0c99cdbf5192cdc77f8cde119ca
dufs,lto-thin_opt-3_panic-unwind,thin,3,unwind,stripped,bench/origin/build/dufs/lto-thin_opt-3_panic-unwind/dufs.stripped,7527472,5205332bfd9889a2b3e618b29b394496b3683f18b63f9354f1d44d5ee8e50aa4
dufs,lto-thin_opt-z_panic-abort,thin,z,abort,debug,bench/origin/build/dufs/lto-thin_opt-z_panic-abort/dufs.debug,10806912,9925fddffbdb3f0971d2cf81047542ddb2821332e57a0ae72d6f5d254ac1bc77
dufs,lto-thin_opt-z_panic-abort,thin,z,abort,stripped,bench/origin/build/dufs/lto-thin_opt-z_panic-abort/dufs.stripped,6092584,22e91513636e0a62c1216723b93d6116bf81974b04c2f561b095a1cf06e1f761
dufs,lto-thin_opt-z_panic-unwind,thin,z,unwind,debug,bench/origin/build/dufs/lto-thin_opt-z_panic-unwind/dufs.debug,11388536,b8aea7eddb1ea9397996524999f64265b6d8bc74667d1c8a0e07c95e7d1a4766
dufs,lto-thin_opt-z_panic-unwind,thin,z,unwind,stripped,bench/origin/build/dufs/lto-thin_opt-z_panic-unwind/dufs.stripped,6477336,141f63c8ccab07879ea2f7f8f1a701ee95532c7ff7a36c890f3f76098edf90fa
dust,lto-fat_opt-3_panic-abort,fat,3,abort,debug,bench/origin/build/dust/lto-fat_opt-3_panic-abort/dust.debug,5276032,601ce27a45f1c83357e61c442df03921a7d95b83d394f58937371024aaa06014
dust,lto-fat_opt-3_panic-abort,fat,3,abort,stripped,bench/origin/build/dust/lto-fat_opt-3_panic-abort/dust.stripped,2748968,b1f49abe3f664525f12d61b6597a0f31f8db185a5f28880458ebc4a9851edb87
dust,lto-fat_opt-3_panic-unwind,fat,3,unwind,debug,bench/origin/build/dust/lto-fat_opt-3_panic-unwind/dust.debug,5573792,86c977d0384fe10e234cbb81962c3dd8b9b04ac636af16ee71a72b237d287a25
dust,lto-fat_opt-3_panic-unwind,fat,3,unwind,stripped,bench/origin/build/dust/lto-fat_opt-3_panic-unwind/dust.stripped,2942840,c6364dd7f9cd307fdd37e847f76f6a83f92a5d4327f7252be819c3bd55fe5973
dust,lto-fat_opt-z_panic-abort,fat,z,abort,debug,bench/origin/build/dust/lto-fat_opt-z_panic-abort/dust.debug,4774440,ce215d80d05c517c3af43c42d11a791b39bffdb148544df7e7a3165f1ada602d
dust,lto-fat_opt-z_panic-abort,fat,z,abort,stripped,bench/origin/build/dust/lto-fat_opt-z_panic-abort/dust.stripped,2180688,bd04baa6ec3e80370a9fffcdcbb964df60e2a60aba2ab0aabeea8cbce165072a
dust,lto-fat_opt-z_panic-unwind,fat,z,unwind,debug,bench/origin/build/dust/lto-fat_opt-z_panic-unwind/dust.debug,4959440,1976f658fca9a55aa65b1206b3e990c1ee3b44fae5466c1a910057ac3bc622b6
dust,lto-fat_opt-z_panic-unwind,fat,z,unwind,stripped,bench/origin/build/dust/lto-fat_opt-z_panic-unwind/dust.stripped,2277584,552ab689cb585efe16acb39c57a04cd38c9714f595205dd9b6304d152a71f5af
dust,lto-thin_opt-3_panic-abort,thin,3,abort,debug,bench/origin/build/dust/lto-thin_opt-3_panic-abort/dust.debug,5692288,0108ac1f1f126134c31fe0ecd33661750fdc033ac4d7f5375e0e045286e4eae4
dust,lto-thin_opt-3_panic-abort,thin,3,abort,stripped,bench/origin/build/dust/lto-thin_opt-3_panic-abort/dust.stripped,2877120,4d0c0a4d71ba1687360b387d156bcae30fdaf9009727f3fa16b995f0b8e9796f
dust,lto-thin_opt-3_panic-unwind,thin,3,unwind,debug,bench/origin/build/dust/lto-thin_opt-3_panic-unwind/dust.debug,6011328,799101263cbbe8d4b018d42e2da316399d3c818832fdc802ff7f08dc2f81adf0
dust,lto-thin_opt-3_panic-unwind,thin,3,unwind,stripped,bench/origin/build/dust/lto-thin_opt-3_panic-unwind/dust.stripped,3082368,3b17df4fc3f8cb23ceb028854a6fd0f7fe6dcdd6257dd5ac7faecad7e12e1b01
dust,lto-thin_opt-z_panic-abort,thin,z,abort,debug,bench/origin/build/dust/lto-thin_opt-z_panic-abort/dust.debug,5787568,3b5d9597acf17722d58d7581e7af85ff9d86da5b2f00114bf57465d256831c14
dust,lto-thin_opt-z_panic-abort,thin,z,abort,stripped,bench/origin/build/dust/lto-thin_opt-z_panic-abort/dust.stripped,2488736,626b0cd61bde82f8b11f04533e1c57ac03a3abd9a4c05a78548b7a4052f0757e
dust,lto-thin_opt-z_panic-unwind,thin,z,unwind,debug,bench/origin/build/dust/lto-thin_opt-z_panic-unwind/dust.debug,5991032,7c40ab7c18321dc2eaa137c1ea08ff306175b7df89669f877cebea303af2aa9e
dust,lto-thin_opt-z_panic-unwind,thin,z,unwind,stripped,bench/origin/build/dust/lto-thin_opt-z_panic-unwind/dust.stripped,2585528,9c5635342579e27f600bda70f242a0cf4f74a30680318a283c8f8ff7962ad600
eza,lto-fat_opt-3_panic-abort,fat,3,abort,debug,bench/origin/build/eza/lto-fat_opt-3_panic-abort/eza.debug,4786344,480be89028b032e5ec0b04b807af68b850761c4848153e485983c2c0589150f2
eza,lto-fat_opt-3_panic-abort,fat,3,abort,stripped,bench/origin/build/eza/lto-fat_opt-3_panic-abort/eza.stripped,2677872,05646f98bdcc19c32e9fa37da78e31dfe50c8e21be320adbce67ef2a44565984
eza,lto-fat_opt-3_panic-unwind,fat,3,unwind,debug,bench/origin/build/eza/lto-fat_opt-3_panic-unwind/eza.debug,5088528,151cc0f3c27e21adc00638f4dc2f0377411422bc9abd659336b04e773fbf7e8c
eza,lto-fat_opt-3_panic-unwind,fat,3,unwind,stripped,bench/origin/build/eza/lto-fat_opt-3_panic-unwind/eza.stripped,2902000,f25c6a496d8cbb93d7e312845c92c7da75ec8fbd4a8860e38a4fbcd63cb64528
eza,lto-fat_opt-z_panic-abort,fat,z,abort,debug,bench/origin/build/eza/lto-fat_opt-z_panic-abort/eza.debug,4173064,7597086c3fbaf222870a159a913b7895bf18f2f8eca130d590de9d87e5246730
eza,lto-fat_opt-z_panic-abort,fat,z,abort,stripped,bench/origin/build/eza/lto-fat_opt-z_panic-abort/eza.stripped,2035544,16c5035e0c1496a9694f2d8840fd8491b15cc11adaeafa051d14fbb72e4ed6d3
eza,lto-fat_opt-z_panic-unwind,fat,z,unwind,debug,bench/origin/build/eza/lto-fat_opt-z_panic-unwind/eza.debug,4355256,efc27eb1972b2cc3fcc9988038d0ac8ba3fcc33399f9bb629f6ac41b3e2d0483
eza,lto-fat_opt-z_panic-unwind,fat,z,unwind,stripped,bench/origin/build/eza/lto-fat_opt-z_panic-unwind/eza.stripped,2155128,7df0709b81754ccbb90cb2f25f4aeca6c38cc98f1ada01b8d05ef9265645019d
eza,lto-thin_opt-3_panic-abort,thin,3,abort,debug,bench/origin/build/eza/lto-thin_opt-3_panic-abort/eza.debug,5147256,52157a0a631c13de72b2cac8a270995999ba2831339dacb05129bc31c078c178
eza,lto-thin_opt-3_panic-abort,thin,3,abort,stripped,bench/origin/build/eza/lto-thin_opt-3_panic-abort/eza.stripped,2781296,ff3207fdd5a24afa5e1089b36a08244301d13f93af55b78ab3e370a1e8c915b7
eza,lto-thin_opt-3_panic-unwind,thin,3,unwind,debug,bench/origin/build/eza/lto-thin_opt-3_panic-unwind/eza.debug,5453696,2195241994b6647dd31e5f4221d25bb039a0540ca5f4083714d4f08cb1aeace2
eza,lto-thin_opt-3_panic-unwind,thin,3,unwind,stripped,bench/origin/build/eza/lto-thin_opt-3_panic-unwind/eza.stripped,3011216,e38c23bea4ab535137f3fbdeff263b0c269df41bd6c74557fcb942b6a2063a26
eza,lto-thin_opt-z_panic-abort,thin,z,abort,debug,bench/origin/build/eza/lto-thin_opt-z_panic-abort/eza.debug,4844152,1db02eaa1bb32910af84832bba4a72bcfaee72d7eb3bdfbfd00b8d8874820fb7
eza,lto-thin_opt-z_panic-abort,thin,z,abort,stripped,bench/origin/build/eza/lto-thin_opt-z_panic-abort/eza.stripped,2240472,7fa8ac1b5448d6628bb4ff2b0de8c8834d331afbad15b69919ac2f9f3235dab4
eza,lto-thin_opt-z_panic-unwind,thin,z,unwind,debug,bench/origin/build/eza/lto-thin_opt-z_panic-unwind/eza.debug,5041184,76729a9a1715c35b5e36e84c23c7e7f0d1cf70d4df948cc96dab274a7abc28a6
eza,lto-thin_opt-z_panic-unwind,thin,z,unwind,stripped,bench/origin/build/eza/lto-thin_opt-z_panic-unwind/eza.stripped,2371352,8cc712294d6884c98aef99877b4763916cfebabcdcf575dc1c33d0f02da21a51
fclones,lto-fat_opt-3_panic-abort,fat,3,abort,debug,bench/origin/build/fclones/lto-fat_opt-3_panic-abort/fclones.debug,7866776,3038fbfcb138156c5fce63612dc33e8e7ac5db9be35ece9c175305aa471139d0
fclones,lto-fat_opt-3_panic-abort,fat,3,abort,stripped,bench/origin/build/fclones/lto-fat_opt-3_panic-abort/fclones.stripped,4540408,4ff7fc59c753a2d1290ecd3e5fe6f273c1aca966c9c8accd66432497d7da8ff1
fclones,lto-fat_opt-3_panic-unwind,fat,3,unwind,debug,bench/origin/build/fclones/lto-fat_opt-3_panic-unwind/fclones.debug,8702104,026856e4e412ccfd75fed64bbba4a25a0aefa12001476194fed41a20c9902dca
fclones,lto-fat_opt-3_panic-unwind,fat,3,unwind,stripped,bench/origin/build/fclones/lto-fat_opt-3_panic-unwind/fclones.stripped,5111912,c283afae10edc6d42cda0b83d343d2806f89fd217dd506f947d210b1a10c21ab
fclones,lto-fat_opt-z_panic-abort,fat,z,abort,debug,bench/origin/build/fclones/lto-fat_opt-z_panic-abort/fclones.debug,6843056,7492457564a306f22fa962a6253eaa33f8260312ec557ec466755b0807018f1c
fclones,lto-fat_opt-z_panic-abort,fat,z,abort,stripped,bench/origin/build/fclones/lto-fat_opt-z_panic-abort/fclones.stripped,3286560,582a30474426a17e6d53df0b1a7abf7cd885a80d81899f7771ee3b36641436e2
fclones,lto-fat_opt-z_panic-unwind,fat,z,unwind,debug,bench/origin/build/fclones/lto-fat_opt-z_panic-unwind/fclones.debug,7432128,599bccef73f3fffc1341a12d2a73b35a1310cba9cb421e8986245a8f19086495
fclones,lto-fat_opt-z_panic-unwind,fat,z,unwind,stripped,bench/origin/build/fclones/lto-fat_opt-z_panic-unwind/fclones.stripped,3662472,e51d2f8f40cc3b2d1ba35114f84bba4e40e260b6c9aa544d4b52bc5d6a78c1a7
fclones,lto-thin_opt-3_panic-abort,thin,3,abort,debug,bench/origin/build/fclones/lto-thin_opt-3_panic-abort/fclones.debug,8641128,c0c232d922254574da67b56ee2efee4453429b88db1ba614b6c9392baac381c4
fclones,lto-thin_opt-3_panic-abort,thin,3,abort,stripped,bench/origin/build/fclones/lto-thin_opt-3_panic-abort/fclones.stripped,4953080,59a3d18bed2340a29c74b58e2a88409b5db05088bbf53eab30c82f983831c75d
fclones,lto-thin_opt-3_panic-unwind,thin,3,unwind,debug,bench/origin/build/fclones/lto-thin_opt-3_panic-unwind/fclones.debug,9516568,2e94675c742dd1b40c0bb90ae22d4a30190362ff20ae5c76b446b264660a53f4
fclones,lto-thin_opt-3_panic-unwind,thin,3,unwind,stripped,bench/origin/build/fclones/lto-thin_opt-3_panic-unwind/fclones.stripped,5526992,253beb5f88af18d3b5c255d297164bd4caa7234ae2a971c64b63b4cbf2ceafc1
fclones,lto-thin_opt-z_panic-abort,thin,z,abort,debug,bench/origin/build/fclones/lto-thin_opt-z_panic-abort/fclones.debug,9330384,693ea152418e59a3645522ab2a31d88d42b5b4cd65a13f90cedbb42e9b92c382
fclones,lto-thin_opt-z_panic-abort,thin,z,abort,stripped,bench/origin/build/fclones/lto-thin_opt-z_panic-abort/fclones.stripped,4132352,c9f24f0d4135e97f3b60de5dd17f4fa43ab39f0b37b0293d1660e9b8de6913cc
fclones,lto-thin_opt-z_panic-unwind,thin,z,unwind,debug,bench/origin/build/fclones/lto-thin_opt-z_panic-unwind/fclones.debug,9959456,3e30dc825edf3a7e5f6cd444e20f063343895d8f30e824721e8168193f1d82b1
fclones,lto-thin_opt-z_panic-unwind,thin,z,unwind,stripped,bench/origin/build/fclones/lto-thin_opt-z_panic-unwind/fclones.stripped,4469680,f2b0fcf1155d3926306240e6be9e92320143b65f59ff4063bfc7a2206b72757e
fd,lto-fat_opt-3_panic-abort,fat,3,abort,debug,bench/origin/build/fd/lto-fat_opt-3_panic-abort/fd.debug,6163528,91ab145cd7e402b315f51b0e7e207314388bc67e7b1f2cab8857a1de50c5d569
fd,lto-fat_opt-3_panic-abort,fat,3,abort,stripped,bench/origin/build/fd/lto-fat_opt-3_panic-abort/fd.stripped,3298112,5e055dcd2e0888e2ab89c8ccddb2952f7be7567d45cf989ad2e81b71f173bf77
fd,lto-fat_opt-3_panic-unwind,fat,3,unwind,debug,bench/origin/build/fd/lto-fat_opt-3_panic-unwind/fd.debug,6598392,8597c66caa42b514a7aa9abd310ae47e2d496e642699d9eb4216ea129d10ea06
fd,lto-fat_opt-3_panic-unwind,fat,3,unwind,stripped,bench/origin/build/fd/lto-fat_opt-3_panic-unwind/fd.stripped,3593760,78d1e063be6471a75519de10f394bf590aa4be1e9a28066336487b30271d53a8
fd,lto-fat_opt-z_panic-abort,fat,z,abort,debug,bench/origin/build/fd/lto-fat_opt-z_panic-abort/fd.debug,5500512,158b6d267867ef9ddc44be19f81a4470e17b56975565a3ea4681babb4b8f6f0e
fd,lto-fat_opt-z_panic-abort,fat,z,abort,stripped,bench/origin/build/fd/lto-fat_opt-z_panic-abort/fd.stripped,2537224,f90216d5ff19df8759eb6f93ad63a07a4e56bb90481d8328a9ce9bf0359611aa
fd,lto-fat_opt-z_panic-unwind,fat,z,unwind,debug,bench/origin/build/fd/lto-fat_opt-z_panic-unwind/fd.debug,5776776,346e33feabadaef69a08c59581a859e14f81ff58109c2691671ac72817fb9641
fd,lto-fat_opt-z_panic-unwind,fat,z,unwind,stripped,bench/origin/build/fd/lto-fat_opt-z_panic-unwind/fd.stripped,2693368,396a3b0c886ac181ae06af774e069e140eee1e0838fb8b556c2af3b557560b57
fd,lto-thin_opt-3_panic-abort,thin,3,abort,debug,bench/origin/build/fd/lto-thin_opt-3_panic-abort/fd.debug,6728656,bdcd3a1c2f8b82a4bc76cf2f9a5b212029bbe1bb91aef889d7dc03129f0a1b2e
fd,lto-thin_opt-3_panic-abort,thin,3,abort,stripped,bench/origin/build/fd/lto-thin_opt-3_panic-abort/fd.stripped,3455120,1f74a9664f91c652298db6b7e84c4e60aca568b3942df4fc2aecb49e614bdaa0
fd,lto-thin_opt-3_panic-unwind,thin,3,unwind,debug,bench/origin/build/fd/lto-thin_opt-3_panic-unwind/fd.debug,7200024,2406634d98bd6f6a48513b7b29307493d3109a2d81134850d8cde835aa726a47
fd,lto-thin_opt-3_panic-unwind,thin,3,unwind,stripped,bench/origin/build/fd/lto-thin_opt-3_panic-unwind/fd.stripped,3767000,181aee0b097c5374061d636107bd1a06c648045577a479f368a21745ddd9456f
fd,lto-thin_opt-z_panic-abort,thin,z,abort,debug,bench/origin/build/fd/lto-thin_opt-z_panic-abort/fd.debug,6773216,dae362ee718b623a9be1d8ee39d2d7479be91cf5b0b088945cf46ce8a134ae6b
fd,lto-thin_opt-z_panic-abort,thin,z,abort,stripped,bench/origin/build/fd/lto-thin_opt-z_panic-abort/fd.stripped,2946528,9f7c94dd7f5953ef036fe077c91beafe9b9e4f49bfffaffdcc9b522dd2cfa238
fd,lto-thin_opt-z_panic-unwind,thin,z,unwind,debug,bench/origin/build/fd/lto-thin_opt-z_panic-unwind/fd.debug,7086160,9cb5a557945bb0203156c5e2bc4d34dae893f05d64d7470a6655cc336b69ff8e
fd,lto-thin_opt-z_panic-unwind,thin,z,unwind,stripped,bench/origin/build/fd/lto-thin_opt-z_panic-unwind/fd.stripped,3104088,0dde71976a085bdc9a492d9b8787127cd973dbce5445c44bf6999876b9a17605
ferium,lto-fat_opt-3_panic-abort,fat,3,abort,debug,bench/origin/build/ferium/lto-fat_opt-3_panic-abort/ferium.debug,16401400,d818cd8ab16cf7340c8d09279e62457046df350e464da8c3892d9739a126d381
ferium,lto-fat_opt-3_panic-abort,fat,3,abort,stripped,bench/origin/build/ferium/lto-fat_opt-3_panic-abort/ferium.stripped,10675008,93c5922515668bf5c0a2f2f98083b7d6f36314c16daa4219d283b5600065a22f
ferium,lto-fat_opt-3_panic-unwind,fat,3,unwind,debug,bench/origin/build/ferium/lto-fat_opt-3_panic-unwind/ferium.debug,17778448,66bb1384db05fcfde2184c1aa029a88ba7b58618d0471242c2982376d77efd23
ferium,lto-fat_opt-3_panic-unwind,fat,3,unwind,stripped,bench/origin/build/ferium/lto-fat_opt-3_panic-unwind/ferium.stripped,11650384,832c3c569cf3259acd1055c7366e69f2d65e9a5dd8daa8685722c94dc9f6ce4d
ferium,lto-fat_opt-z_panic-abort,fat,z,abort,debug,bench/origin/build/ferium/lto-fat_opt-z_panic-abort/ferium.debug,13243112,3d28a2d4e72dfd13bd05ae39990f15bfa31c30c2db698d668df7148d69e6b153
ferium,lto-fat_opt-z_panic-abort,fat,z,abort,stripped,bench/origin/build/ferium/lto-fat_opt-z_panic-abort/ferium.stripped,8343936,3018636b39b8986e9993ed62b577c123969373872215a5021caf9a1c858fbb61
ferium,lto-fat_opt-z_panic-unwind,fat,z,unwind,debug,bench/origin/build/ferium/lto-fat_opt-z_panic-unwind/ferium.debug,14289256,981e2e130ce0c6621f63cbd36820852d9c9d20a39c1f4fe0644f7f77f147b016
ferium,lto-fat_opt-z_panic-unwind,fat,z,unwind,stripped,bench/origin/build/ferium/lto-fat_opt-z_panic-unwind/ferium.stripped,9055984,de0adb53c286793a189d1060e69a7ebe7667d5532cf33e7288ebf93000457f57
ferium,lto-thin_opt-3_panic-abort,thin,3,abort,debug,bench/origin/build/ferium/lto-thin_opt-3_panic-abort/ferium.debug,19825136,ca1b7fa6c7617d835d08d9f416c828074c9f2ad2b52f977f960461b49e4ea4ba
ferium,lto-thin_opt-3_panic-abort,thin,3,abort,stripped,bench/origin/build/ferium/lto-thin_opt-3_panic-abort/ferium.stripped,12932120,443d6933ee9630e9bd0d0dc710b9df4b81319d74dc8fed26e4dfd3a04f05191d
ferium,lto-thin_opt-3_panic-unwind,thin,3,unwind,debug,bench/origin/build/ferium/lto-thin_opt-3_panic-unwind/ferium.debug,21649608,a2b4810b35f04d9561849c154d2b6932d5068522da51abf48740f45b5cfe633b
ferium,lto-thin_opt-3_panic-unwind,thin,3,unwind,stripped,bench/origin/build/ferium/lto-thin_opt-3_panic-unwind/ferium.stripped,14170136,3f3cf0836ee35495936ddb407d69620a73808db93a695d598d4b9e58dd2b64d1
ferium,lto-thin_opt-z_panic-abort,thin,z,abort,debug,bench/origin/build/ferium/lto-thin_opt-z_panic-abort/ferium.debug,18820352,dc5377813e0d1fced6a76da76b9096dc69de005fa80e70bcf543e98be530186d
ferium,lto-thin_opt-z_panic-abort,thin,z,abort,stripped,bench/origin/build/ferium/lto-thin_opt-z_panic-abort/ferium.stripped,10595424,89d62efa7f03d8a205b75623d8ea6a3502503c7910fce163f6ac6b5a44474b7a
ferium,lto-thin_opt-z_panic-unwind,thin,z,unwind,debug,bench/origin/build/ferium/lto-thin_opt-z_panic-unwind/ferium.debug,20233176,810feb64a66c02e242e1cd4b55e54a50bd6afa5294b61d71fc770e826491e69c
ferium,lto-thin_opt-z_panic-unwind,thin,z,unwind,stripped,bench/origin/build/ferium/lto-thin_opt-z_panic-unwind/ferium.stripped,11455768,9e5b482372769c4a5e35efeac9ae5a4d4b4166ec6005b0b457d1c5fd43258489
feroxbuster,lto-fat_opt-3_panic-abort,fat,3,abort,debug,bench/origin/build/feroxbuster/lto-fat_opt-3_panic-abort/feroxbuster.debug,16761528,939830d9f42c199b3a9b2d3295e73d02330a95af981bdd558b5539c12735ea60
feroxbuster,lto-fat_opt-3_panic-abort,fat,3,abort,stripped,bench/origin/build/feroxbuster/lto-fat_opt-3_panic-abort/feroxbuster.stripped,12448720,dc17cc8e0d8cde39695809f33d66c6794e2b8e332178a448a41cfd90e6ef944c
feroxbuster,lto-fat_opt-3_panic-unwind,fat,3,unwind,debug,bench/origin/build/feroxbuster/lto-fat_opt-3_panic-unwind/feroxbuster.debug,17890272,07a9327db84894f2d06bc864b18041d776fc214f7c0b3eba21a4d3ad981e3f67
feroxbuster,lto-fat_opt-3_panic-unwind,fat,3,unwind,stripped,bench/origin/build/feroxbuster/lto-fat_opt-3_panic-unwind/feroxbuster.stripped,13243536,140c3bbfad910f1b5a5f2480363c28b41ad5bdf992a34ae5b609b8d1a47287bb
feroxbuster,lto-fat_opt-z_panic-abort,fat,z,abort,debug,bench/origin/build/feroxbuster/lto-fat_opt-z_panic-abort/feroxbuster.debug,15515416,3214dd5e8786b433d94838102b36552e952d11f027751af001232e98adbcd091
feroxbuster,lto-fat_opt-z_panic-abort,fat,z,abort,stripped,bench/origin/build/feroxbuster/lto-fat_opt-z_panic-abort/feroxbuster.stripped,10778064,655ca0af75ead46c253386ec96379aee236b1fa15ba9493709db0c1015904c9e
feroxbuster,lto-fat_opt-z_panic-unwind,fat,z,unwind,debug,bench/origin/build/feroxbuster/lto-fat_opt-z_panic-unwind/feroxbuster.debug,16359192,22f52b30df3876ed38757467a6d0ca8be9d676beffce03c1065ca46c0300698b
feroxbuster,lto-fat_opt-z_panic-unwind,fat,z,unwind,stripped,bench/origin/build/feroxbuster/lto-fat_opt-z_panic-unwind/feroxbuster.stripped,11341616,5474bee893ab2ca765190238c31f55665a85620c766636893e0f383d4dd0b6ac
feroxbuster,lto-thin_opt-3_panic-abort,thin,3,abort,debug,bench/origin/build/feroxbuster/lto-thin_opt-3_panic-abort/feroxbuster.debug,19369832,1f84fd0cbc6abdaa7e57b90a6358e39d7591ea3c90966d48222cb07b91d689f5
feroxbuster,lto-thin_opt-3_panic-abort,thin,3,abort,stripped,bench/origin/build/feroxbuster/lto-thin_opt-3_panic-abort/feroxbuster.stripped,13268816,a9eae33b46b3331d13ba37211ee4bdabd88c502495bf82904666a378336b0da3
feroxbuster,lto-thin_opt-3_panic-unwind,thin,3,unwind,debug,bench/origin/build/feroxbuster/lto-thin_opt-3_panic-unwind/feroxbuster.debug,20639112,bfd36309e983183fbb67288360a760d8a69feb8ac5a863ef12700598b13b4d83
feroxbuster,lto-thin_opt-3_panic-unwind,thin,3,unwind,stripped,bench/origin/build/feroxbuster/lto-thin_opt-3_panic-unwind/feroxbuster.stripped,14136752,1a879b04f52eacabe416e07ce502667509a414256cd8f262dd0c77721b5e794b
feroxbuster,lto-thin_opt-z_panic-abort,thin,z,abort,debug,bench/origin/build/feroxbuster/lto-thin_opt-z_panic-abort/feroxbuster.debug,20145064,6f7d17e5adc6d39bec06895a5de2c347386abd3098487ee32b4d906730d2a050
feroxbuster,lto-thin_opt-z_panic-abort,thin,z,abort,stripped,bench/origin/build/feroxbuster/lto-thin_opt-z_panic-abort/feroxbuster.stripped,12163888,6715bf4b7be040246f7c2ebd66e00397c8c4b5f8d066dcc6f46e66e31a105814
feroxbuster,lto-thin_opt-z_panic-unwind,thin,z,unwind,debug,bench/origin/build/feroxbuster/lto-thin_opt-z_panic-unwind/feroxbuster.debug,21115168,f904260391a3031870bd7a0b533121c4eec22e7ee90c12a513b5c39173c3d0c5
feroxbuster,lto-thin_opt-z_panic-unwind,thin,z,unwind,stripped,bench/origin/build/feroxbuster/lto-thin_opt-z_panic-unwind/feroxbuster.stripped,12742608,1dfb4cfd06ed1bf3a5fbd8c6b66d546f023d30494588d31f174da3f8666dd61e
gping,lto-fat_opt-3_panic-abort,fat,3,abort,debug,bench/origin/build/gping/lto-fat_opt-3_panic-abort/gping.debug,5744560,753422d3f2725e17acb1df9214b20358ba24f291cbfadda172ff2ff38d2b1fe6
gping,lto-fat_opt-3_panic-abort,fat,3,abort,stripped,bench/origin/build/gping/lto-fat_opt-3_panic-abort/gping.stripped,2888512,d25e7c890b05a2ebcb470bfabff4ec73fabb4882ac50cad7b1242ba86808df56
gping,lto-fat_opt-3_panic-unwind,fat,3,unwind,debug,bench/origin/build/gping/lto-fat_opt-3_panic-unwind/gping.debug,6001744,94e272318f592d56d44a75fbcee1605f1848b9ac1eb8f37c697887644c9a6526
gping,lto-fat_opt-3_panic-unwind,fat,3,unwind,stripped,bench/origin/build/gping/lto-fat_opt-3_panic-unwind/gping.stripped,3053448,82deda2c8e9da6b91d77df61d8ce520148bc7c6f3d280ff09c231ba9ae5b277a
gping,lto-fat_opt-z_panic-abort,fat,z,abort,debug,bench/origin/build/gping/lto-fat_opt-z_panic-abort/gping.debug,5323360,00da243bca820f86ee321735ed84f6b1888487eca0bd1fc08ee75fe1a44987a3
gping,lto-fat_opt-z_panic-abort,fat,z,abort,stripped,bench/origin/build/gping/lto-fat_opt-z_panic-abort/gping.stripped,2351008,9786186ad8d8d0919075e862b131c658e5c9572f98d84333ac80e1290c18689c
gping,lto-fat_opt-z_panic-unwind,fat,z,unwind,debug,bench/origin/build/gping/lto-fat_opt-z_panic-unwind/gping.debug,5512864,98c80de5a76977936df27b19ff39ecd21ea061f61f361d9cb819ec4b461748f1
gping,lto-fat_opt-z_panic-unwind,fat,z,unwind,stripped,bench/origin/build/gping/lto-fat_opt-z_panic-unwind/gping.stripped,2445336,e7de6048daf8053a6ab9c746aa217758a5a161c5be950a0adc2c3571479fa031
gping,lto-thin_opt-3_panic-abort,thin,3,abort,debug,bench/origin/build/gping/lto-thin_opt-3_panic-abort/gping.debug,6261360,ff761e8066468fce688244ea416b9bcfa0d74a265bc1013ad8fccc6ff660a401
gping,lto-thin_opt-3_panic-abort,thin,3,abort,stripped,bench/origin/build/gping/lto-thin_opt-3_panic-abort/gping.stripped,3045648,609c21998b403ef154366b6f7dc5cb3ae6450a2d40ec832cfba3dd3b05947dce
gping,lto-thin_opt-3_panic-unwind,thin,3,unwind,debug,bench/origin/build/gping/lto-thin_opt-3_panic-unwind/gping.debug,6546200,c4ab65c328ebe2bc84f09ad431750d16061699f8a36fd7f068fb9f9cfcce71fa
gping,lto-thin_opt-3_panic-unwind,thin,3,unwind,stripped,bench/origin/build/gping/lto-thin_opt-3_panic-unwind/gping.stripped,3218200,cdb2684c4e448895d21a67142829201405fc6062c96469643ed61e1eeb4ca14b
gping,lto-thin_opt-z_panic-abort,thin,z,abort,debug,bench/origin/build/gping/lto-thin_opt-z_panic-abort/gping.debug,6485728,f5d5865074b5280f7cc5ff2e0f64a888c61589812b9d53853b2716aab0c5fef0
gping,lto-thin_opt-z_panic-abort,thin,z,abort,stripped,bench/origin/build/gping/lto-thin_opt-z_panic-abort/gping.stripped,2713616,1f48eb210917593b4084b4a4fb14027d61a0dbe0d8575ceeb11162ec34fdaea5
gping,lto-thin_opt-z_panic-unwind,thin,z,unwind,debug,bench/origin/build/gping/lto-thin_opt-z_panic-unwind/gping.debug,6696856,40761d68f256220b3541792813a818503834086092a4bc8d3e3bd9ea94e31d68
gping,lto-thin_opt-z_panic-unwind,thin,z,unwind,stripped,bench/origin/build/gping/lto-thin_opt-z_panic-unwind/gping.stripped,2809552,f42234fda960c0b2d1a61f2bda1cbbf5a8fc7848f0e97ac27fb2d5861f2fa203
grex,lto-fat_opt-3_panic-abort,fat,3,abort,debug,bench/origin/build/grex/lto-fat_opt-3_panic-abort/grex.debug,4422568,9247ca335cb470733c2fea3e3e89350dc0418ec738fba8b5f2f1f35cb4ac99f7
grex,lto-fat_opt-3_panic-abort,fat,3,abort,stripped,bench/origin/build/grex/lto-fat_opt-3_panic-abort/grex.stripped,2344048,8db04a2ac511dac6b8b2094852132cd9431b0c1315abfd6e4d474ba33bc33c83
grex,lto-fat_opt-3_panic-unwind,fat,3,unwind,debug,bench/origin/build/grex/lto-fat_opt-3_panic-unwind/grex.debug,4616336,413fe3df29390f51049958d31dd856668276b11dd905308cc461374131c249d3
grex,lto-fat_opt-3_panic-unwind,fat,3,unwind,stripped,bench/origin/build/grex/lto-fat_opt-3_panic-unwind/grex.stripped,2477024,af0b7c148a34a529ea4109ac818c91e9d60c1952172b4569402f0fc77839d29b
grex,lto-fat_opt-z_panic-abort,fat,z,abort,debug,bench/origin/build/grex/lto-fat_opt-z_panic-abort/grex.debug,4082464,beb1b7988f2d06b676746eb464cb993c005ed25d986aa276ac2f79ec97624566
grex,lto-fat_opt-z_panic-abort,fat,z,abort,stripped,bench/origin/build/grex/lto-fat_opt-z_panic-abort/grex.stripped,1911912,7b676c142a474c83714d106370af7dbf17d7daaed5beea15b520534f3d0ee5fb
grex,lto-fat_opt-z_panic-unwind,fat,z,unwind,debug,bench/origin/build/grex/lto-fat_opt-z_panic-unwind/grex.debug,4198344,1ba8245742b39bdbe53c03d719482eeabcbb2ebecd1843c99a728eb5164a170c
grex,lto-fat_opt-z_panic-unwind,fat,z,unwind,stripped,bench/origin/build/grex/lto-fat_opt-z_panic-unwind/grex.stripped,1973200,42d621313d2d291ab5da7ffb8f974c014285c5078d15010efbeebe46457a205a
grex,lto-thin_opt-3_panic-abort,thin,3,abort,debug,bench/origin/build/grex/lto-thin_opt-3_panic-abort/grex.debug,4844048,b6fc9f15ee546d5e38fa2bb710b689aeb58f33962fbbe1a2063cae8ac9044e0f
grex,lto-thin_opt-3_panic-abort,thin,3,abort,stripped,bench/origin/build/grex/lto-thin_opt-3_panic-abort/grex.stripped,2454216,e7d59aed54dee75aab2916fc42f447bd73aff8e6a3f477ee3f13368e449d07c8
grex,lto-thin_opt-3_panic-unwind,thin,3,unwind,debug,bench/origin/build/grex/lto-thin_opt-3_panic-unwind/grex.debug,5056256,d4ec49ad45253f6173fc216d76e3cad3ae6e62bc855c0d45aef3dd295c107ec7
grex,lto-thin_opt-3_panic-unwind,thin,3,unwind,stripped,bench/origin/build/grex/lto-thin_opt-3_panic-unwind/grex.stripped,2588368,587b9939797d752eb0e09bc1a9c1c992f49e9907a9317e4b4f86b7360dd2376a
grex,lto-thin_opt-z_panic-abort,thin,z,abort,debug,bench/origin/build/grex/lto-thin_opt-z_panic-abort/grex.debug,5088488,2308508e152a4d13f4188dd1d86a4a287373523becf15c656899e20dc8781b3c
grex,lto-thin_opt-z_panic-abort,thin,z,abort,stripped,bench/origin/build/grex/lto-thin_opt-z_panic-abort/grex.stripped,2214424,a2bb5dad6bdb093dfd88cf9aeca0e66795285867f6b4391cc872a87abc8b0cea
grex,lto-thin_opt-z_panic-unwind,thin,z,unwind,debug,bench/origin/build/grex/lto-thin_opt-z_panic-unwind/grex.debug,5226352,6c13cecebc3e4cdff47b86eb49f4c4e4627b96bfed8def2e7dacffa7524cb20d
grex,lto-thin_opt-z_panic-unwind,thin,z,unwind,stripped,bench/origin/build/grex/lto-thin_opt-z_panic-unwind/grex.stripped,2274256,7f956de9cbb7d1ea857d49049c2eff20ad8fdd54d6b108bf9d609c8ba9a3022c
hexyl,lto-fat_opt-3_panic-abort,fat,3,abort,debug,bench/origin/build/hexyl/lto-fat_opt-3_panic-abort/hexyl.debug,3007096,8064c513f69d94023c7fdb91ee8c75935247f67a36c93e6a15229a1706394e50
hexyl,lto-fat_opt-3_panic-abort,fat,3,abort,stripped,bench/origin/build/hexyl/lto-fat_opt-3_panic-abort/hexyl.stripped,970408,13e9e4369240b60b68b28ef7e4ff24e07b0bb14e2377116c85fdca59aa721791
hexyl,lto-fat_opt-3_panic-unwind,fat,3,unwind,debug,bench/origin/build/hexyl/lto-fat_opt-3_panic-unwind/hexyl.debug,3163000,1e64f500adabc0c8cc890b6c05165a5537836c018d45a3a0e0edd7c0defbf74d
hexyl,lto-fat_opt-3_panic-unwind,fat,3,unwind,stripped,bench/origin/build/hexyl/lto-fat_opt-3_panic-unwind/hexyl.stripped,1089528,fcae27b5463b9000f0f9541a0fc3574e5702b19307e9993329ebeb3d8927b220
hexyl,lto-fat_opt-z_panic-abort,fat,z,abort,debug,bench/origin/build/hexyl/lto-fat_opt-z_panic-abort/hexyl.debug,2793144,be8ba8ad57d116df03b7a129c2c7d4590e5b4623588f0ca5c35e85988710bb03
hexyl,lto-fat_opt-z_panic-abort,fat,z,abort,stripped,bench/origin/build/hexyl/lto-fat_opt-z_panic-abort/hexyl.stripped,755032,74bb040778f6eb8a062fe423c4be610c957ce98a595e853c35544b9ddf75c4fe
hexyl,lto-fat_opt-z_panic-unwind,fat,z,unwind,debug,bench/origin/build/hexyl/lto-fat_opt-z_panic-unwind/hexyl.debug,2893848,e048342a8c6993f02a1b939c943371bdaf0e6b645a2efb0902f1eba6a33dfc1d
hexyl,lto-fat_opt-z_panic-unwind,fat,z,unwind,stripped,bench/origin/build/hexyl/lto-fat_opt-z_panic-unwind/hexyl.stripped,829056,cb4a3eafb2db1ebcdbd6cab77147355d7217bd5f4bb0b97a4b008ff29c607a1f
hexyl,lto-thin_opt-3_panic-abort,thin,3,abort,debug,bench/origin/build/hexyl/lto-thin_opt-3_panic-abort/hexyl.debug,3368184,bbbfea515d1a556bc9a6f54aed36e262c5315c016aaa7a4b89ff5a76413e264d
hexyl,lto-thin_opt-3_panic-abort,thin,3,abort,stripped,bench/origin/build/hexyl/lto-thin_opt-3_panic-abort/hexyl.stripped,1028880,2c77a94696a4b8b1fdcdc8c5936164f43baf3beab14aa24008b0a4b870346e94
hexyl,lto-thin_opt-3_panic-unwind,thin,3,unwind,debug,bench/origin/build/hexyl/lto-thin_opt-3_panic-unwind/hexyl.debug,3542048,5a037a5f849936f03885bd35c4da61eab70c65fb571b23b07a0b350a6afa86c5
hexyl,lto-thin_opt-3_panic-unwind,thin,3,unwind,stripped,bench/origin/build/hexyl/lto-thin_opt-3_panic-unwind/hexyl.stripped,1154976,b0c0a918204005cbf29677f6582f65a293b7e90959495aeaace3cb711081f267
hexyl,lto-thin_opt-z_panic-abort,thin,z,abort,debug,bench/origin/build/hexyl/lto-thin_opt-z_panic-abort/hexyl.debug,3387864,b648d142abb9658ff93a6b934a68a17c9355bcaf3afa55e87755f2df4a042097
hexyl,lto-thin_opt-z_panic-abort,thin,z,abort,stripped,bench/origin/build/hexyl/lto-thin_opt-z_panic-abort/hexyl.stripped,880984,f375048f076b6b6140595fa15fc130a04a6e4bcfc8366bd8971db713d711f894
hexyl,lto-thin_opt-z_panic-unwind,thin,z,unwind,debug,bench/origin/build/hexyl/lto-thin_opt-z_panic-unwind/hexyl.debug,3501712,ffc87ec47850a877d952dd43887e93b604a121d6468c8622b5366c39d23317f1
hexyl,lto-thin_opt-z_panic-unwind,thin,z,unwind,stripped,bench/origin/build/hexyl/lto-thin_opt-z_panic-unwind/hexyl.stripped,952544,e60585206664c17ca25a20be0ff6ca4965b5e5cbeb2f5fad597176c57ac2fade
hyperfine,lto-fat_opt-3_panic-abort,fat,3,abort,debug,bench/origin/build/hyperfine/lto-fat_opt-3_panic-abort/hyperfine.debug,3704928,8912114db212df4b076a3853b6038a7dcd264cdfc9150c6c54d3c51ca589f6e7
hyperfine,lto-fat_opt-3_panic-abort,fat,3,abort,stripped,bench/origin/build/hyperfine/lto-fat_opt-3_panic-abort/hyperfine.stripped,1177808,f960ac14f284c412a1c898f8c159e424a89ad19fc29857e240a28326a0d0200a
hyperfine,lto-fat_opt-3_panic-unwind,fat,3,unwind,debug,bench/origin/build/hyperfine/lto-fat_opt-3_panic-unwind/hyperfine.debug,3859176,09b5d50dca2ac3cc65a0f2a1a31cc98fd8c8b7e497d241d528b2d5d31a781a58
hyperfine,lto-fat_opt-3_panic-unwind,fat,3,unwind,stripped,bench/origin/build/hyperfine/lto-fat_opt-3_panic-unwind/hyperfine.stripped,1288072,95ede117455b0531761b599321ae12f92b4383a172eed5e9c9e34f65a4006a76
hyperfine,lto-fat_opt-z_panic-abort,fat,z,abort,debug,bench/origin/build/hyperfine/lto-fat_opt-z_panic-abort/hyperfine.debug,3277360,933d0d0a823ae6b016ead33913a78b0620e31b867a9a68b86d1d7df753fe8d37
hyperfine,lto-fat_opt-z_panic-abort,fat,z,abort,stripped,bench/origin/build/hyperfine/lto-fat_opt-z_panic-abort/hyperfine.stripped,937792,803404685ef622896d771e9427c0ae096486b13c6c9d63c6ff1c654d82006727
hyperfine,lto-fat_opt-z_panic-unwind,fat,z,unwind,debug,bench/origin/build/hyperfine/lto-fat_opt-z_panic-unwind/hyperfine.debug,3395712,ac8edebbb32059e908794ac9b4fad5233ef778155ea5a717aa44b17b5cdf9ede
hyperfine,lto-fat_opt-z_panic-unwind,fat,z,unwind,stripped,bench/origin/build/hyperfine/lto-fat_opt-z_panic-unwind/hyperfine.stripped,1015800,cba79f8c05d046b946e986ad565c0c0bebe47992499800afe8ccc274a672e20d
hyperfine,lto-thin_opt-3_panic-abort,thin,3,abort,debug,bench/origin/build/hyperfine/lto-thin_opt-3_panic-abort/hyperfine.debug,4082552,2724b2c8d0af42fec2be1b1087033090d55de62b4ccd1767aa0aac2052b2bf9e
hyperfine,lto-thin_opt-3_panic-abort,thin,3,abort,stripped,bench/origin/build/hyperfine/lto-thin_opt-3_panic-abort/hyperfine.stripped,1251584,9ee61f511edac445fa264e363be6f86e3c7a651a08c26ecaec337832d80e81ac
hyperfine,lto-thin_opt-3_panic-unwind,thin,3,unwind,debug,bench/origin/build/hyperfine/lto-thin_opt-3_panic-unwind/hyperfine.debug,4247200,93c69ff1c6725c970113cffdb3060916cd3260d8e29a3f8d2f448bfeecd2353a
hyperfine,lto-thin_opt-3_panic-unwind,thin,3,unwind,stripped,bench/origin/build/hyperfine/lto-thin_opt-3_panic-unwind/hyperfine.stripped,1364208,c15793ffd28893571705f410db89e848c1fe8ae6cab7aab6b4f7097c31b3c712
hyperfine,lto-thin_opt-z_panic-abort,thin,z,abort,debug,bench/origin/build/hyperfine/lto-thin_opt-z_panic-abort/hyperfine.debug,4096352,52880532da30e93abe38b58a73c3ecdea235f1d73e74373dad1525527a805970
hyperfine,lto-thin_opt-z_panic-abort,thin,z,abort,stripped,bench/origin/build/hyperfine/lto-thin_opt-z_panic-abort/hyperfine.stripped,1098872,46a796f19ebf4e4e7e86b65c99b65d09ba65d69b2c40e9aa65e7486015beadfa
hyperfine,lto-thin_opt-z_panic-unwind,thin,z,unwind,debug,bench/origin/build/hyperfine/lto-thin_opt-z_panic-unwind/hyperfine.debug,4220528,f60737d15dd89c3a1a50ff325f6ed23c715b65ee8de8f07587710722998ff5ba
hyperfine,lto-thin_opt-z_panic-unwind,thin,z,unwind,stripped,bench/origin/build/hyperfine/lto-thin_opt-z_panic-unwind/hyperfine.stripped,1174752,16064c1c0a4f7bb5622d936219ac41e1360c804f438599cb90fb6b2d953ffa08
just,lto-fat_opt-3_panic-abort,fat,3,abort,debug,bench/origin/build/just/lto-fat_opt-3_panic-abort/just.debug,8252768,4815b44544919c4fc3a404de825b938ac77b63e7727c10d64319bf71ee51a92a
just,lto-fat_opt-3_panic-abort,fat,3,abort,stripped,bench/origin/build/just/lto-fat_opt-3_panic-abort/just.stripped,5118152,b4c0fd0d7f65f3f6e83ec4e1db1f5ab9708fefd28d740ee92daeefe340b4e84a
just,lto-fat_opt-3_panic-unwind,fat,3,unwind,debug,bench/origin/build/just/lto-fat_opt-3_panic-unwind/just.debug,8813800,8575da3c7bd6813f504020df7ed171e0d558e787865633eae84caa1adf66c3fc
just,lto-fat_opt-3_panic-unwind,fat,3,unwind,stripped,bench/origin/build/just/lto-fat_opt-3_panic-unwind/just.stripped,5517576,88e61ac2f330709120d3b750adb2ee80454aadcd0a802ec02bceb65123bb8675
just,lto-fat_opt-z_panic-abort,fat,z,abort,debug,bench/origin/build/just/lto-fat_opt-z_panic-abort/just.debug,7187872,e48fd9af1c76c37974eb5ed984fd13887a93488ed796d549139c20e9e81ab16c
just,lto-fat_opt-z_panic-abort,fat,z,abort,stripped,bench/origin/build/just/lto-fat_opt-z_panic-abort/just.stripped,3838120,40784f2b15a7318519dd0a8fd12d42ad15fc79578cb52355388b72113283688d
just,lto-fat_opt-z_panic-unwind,fat,z,unwind,debug,bench/origin/build/just/lto-fat_opt-z_panic-unwind/just.debug,7600776,1f44a602583690b9e78f381dd28fce052f27a1b46769ee9a82a035e01fdaf4e4
just,lto-fat_opt-z_panic-unwind,fat,z,unwind,stripped,bench/origin/build/just/lto-fat_opt-z_panic-unwind/just.stripped,4102864,c622d03a46efeb6904accab9020293b101387124f925ccc5c4ae4f83a349ae01
just,lto-thin_opt-3_panic-abort,thin,3,abort,debug,bench/origin/build/just/lto-thin_opt-3_panic-abort/just.debug,8788336,a54dcdf4b28f7b1c0d29377ee485ad08306038454b6fe9cfc04b2081f8c0bb21
just,lto-thin_opt-3_panic-abort,thin,3,abort,stripped,bench/origin/build/just/lto-thin_opt-3_panic-abort/just.stripped,5289336,ac0e069abaf160c47dec040a0886f04b90195c9f4ef6da269e952ace4a76cf4a
just,lto-thin_opt-3_panic-unwind,thin,3,unwind,debug,bench/origin/build/just/lto-thin_opt-3_panic-unwind/just.debug,9363304,f93109db8cee71eb840133640ab7c9833741d6ae552f2586229a899d3caa4387
just,lto-thin_opt-3_panic-unwind,thin,3,unwind,stripped,bench/origin/build/just/lto-thin_opt-3_panic-unwind/just.stripped,5691192,995777ec0f60aa562cd510a788d5387763b341be9057c0f88e79b5a98a985573
just,lto-thin_opt-z_panic-abort,thin,z,abort,debug,bench/origin/build/just/lto-thin_opt-z_panic-abort/just.debug,9441288,440953283e723b58296a38951e31a7e13864c3576dd21c94fead1e00a77e9cc0
just,lto-thin_opt-z_panic-abort,thin,z,abort,stripped,bench/origin/build/just/lto-thin_opt-z_panic-abort/just.stripped,4530000,df8b995eb0b11ebb48ce6ac60f076809bcb92b48cb3264c4f3cc792287c3ed17
just,lto-thin_opt-z_panic-unwind,thin,z,unwind,debug,bench/origin/build/just/lto-thin_opt-z_panic-unwind/just.debug,9898776,00905ec93fedf5463ac64d6e17982145cafbf6acf6a1cfcc52962d12756d11ab
just,lto-thin_opt-z_panic-unwind,thin,z,unwind,stripped,bench/origin/build/just/lto-thin_opt-z_panic-unwind/just.stripped,4781976,e1fb440d0a26e5e5c2d6e7997587a8714e456140afbe7783d42f1ba9f3c2ab10
miniserve,lto-fat_opt-3_panic-abort,fat,3,abort,debug,bench/origin/build/miniserve/lto-fat_opt-3_panic-abort/miniserve.debug,15870848,ebb3ffa925074b96c6a90d3241ef504310dcdbeca9ceb61b6f433cdbc98095ee
miniserve,lto-fat_opt-3_panic-abort,fat,3,abort,stripped,bench/origin/build/miniserve/lto-fat_opt-3_panic-abort/miniserve.stripped,10256264,515059a26ad89f401a2287f11b399ca4711a2f9b9805cffe9febcde1b53629fa
miniserve,lto-fat_opt-3_panic-unwind,fat,3,unwind,debug,bench/origin/build/miniserve/lto-fat_opt-3_panic-unwind/miniserve.debug,17368624,b59f6337e903b1c4c460acdd8fee2134ad1eef7c15809c9ff23680d9b2b2461c
miniserve,lto-fat_opt-3_panic-unwind,fat,3,unwind,stripped,bench/origin/build/miniserve/lto-fat_opt-3_panic-unwind/miniserve.stripped,11334136,ef71b371117e6563b148857e3e32cc9a8a9d5cf1e56cbfe0e56d7dad4bf0c05b
miniserve,lto-fat_opt-z_panic-abort,fat,z,abort,debug,bench/origin/build/miniserve/lto-fat_opt-z_panic-abort/miniserve.debug,12491672,7b87daf015035ab0f94052d66209802020fd9b7554ca51764deee236879d8ba8
miniserve,lto-fat_opt-z_panic-abort,fat,z,abort,stripped,bench/origin/build/miniserve/lto-fat_opt-z_panic-abort/miniserve.stripped,7645288,e54be568f907db2b6af80a827f1691caf83b28b76aa15481a92c0023a190e515
miniserve,lto-fat_opt-z_panic-unwind,fat,z,unwind,debug,bench/origin/build/miniserve/lto-fat_opt-z_panic-unwind/miniserve.debug,13547016,de7e324d0771b791b92b6fc901d4f92952b8944bf7e7efb81bee0a731e3e5e0c
miniserve,lto-fat_opt-z_panic-unwind,fat,z,unwind,stripped,bench/origin/build/miniserve/lto-fat_opt-z_panic-unwind/miniserve.stripped,8300552,e5090e22074934e599310c2c0cabe323d4874277bf8067c0e3b08fe64a573254
miniserve,lto-thin_opt-3_panic-abort,thin,3,abort,debug,bench/origin/build/miniserve/lto-thin_opt-3_panic-abort/miniserve.debug,17396160,26feae44344836a6e2db71c5320275fa9e8da520ac407cac34c4e20de5f3da6f
miniserve,lto-thin_opt-3_panic-abort,thin,3,abort,stripped,bench/origin/build/miniserve/lto-thin_opt-3_panic-abort/miniserve.stripped,11067496,2bce825de0c0b35b3a00d2745204ce9ccb46dc51748cc170be7f9826fa4454d6
miniserve,lto-thin_opt-3_panic-unwind,thin,3,unwind,debug,bench/origin/build/miniserve/lto-thin_opt-3_panic-unwind/miniserve.debug,19058832,3a74bc55d996d637a94674a3b62b74d16785134b5387a372de28efeb26d63566
miniserve,lto-thin_opt-3_panic-unwind,thin,3,unwind,stripped,bench/origin/build/miniserve/lto-thin_opt-3_panic-unwind/miniserve.stripped,12226656,a973042ac17b34b515c98c4c71a328c18f3fe53f0fa9774a26e31aec86ca3aa5
miniserve,lto-thin_opt-z_panic-abort,thin,z,abort,debug,bench/origin/build/miniserve/lto-thin_opt-z_panic-abort/miniserve.debug,16423536,b7829101461cc68ee9ca8991b63e741a2d8422d537b21538d0398d26961c7711
miniserve,lto-thin_opt-z_panic-abort,thin,z,abort,stripped,bench/origin/build/miniserve/lto-thin_opt-z_panic-abort/miniserve.stripped,8881504,18d0dbf8918911f017b4b2db33530fe96e1eea8889a50a13d2c23628e0f87440
miniserve,lto-thin_opt-z_panic-unwind,thin,z,unwind,debug,bench/origin/build/miniserve/lto-thin_opt-z_panic-unwind/miniserve.debug,17619328,418d2d3ca4220a2ca70b1b25950d882422610ef7d8c9aa5a623b8e5dc48ff023
miniserve,lto-thin_opt-z_panic-unwind,thin,z,unwind,stripped,bench/origin/build/miniserve/lto-thin_opt-z_panic-unwind/miniserve.stripped,9577112,5f3a4ffea6ccc4c03a48d851379ec582eee415d5b9f066d92d82935402d684af
mqttui,lto-fat_opt-3_panic-abort,fat,3,abort,debug,bench/origin/build/mqttui/lto-fat_opt-3_panic-abort/mqttui.debug,8603384,3f37358039ace64fdd24c9a9bfde07a66a8a2eebc35387e2c304e706dd303e6f
mqttui,lto-fat_opt-3_panic-abort,fat,3,abort,stripped,bench/origin/build/mqttui/lto-fat_opt-3_panic-abort/mqttui.stripped,5543272,d9c15853deeeef4503de1e3ba736d34a2366dd3e9e431139d7d6c4140389b11d
mqttui,lto-fat_opt-3_panic-unwind,fat,3,unwind,debug,bench/origin/build/mqttui/lto-fat_opt-3_panic-unwind/mqttui.debug,9086600,1c8fdbb60b2bb152ab5e8f3c14071b49bcb3adc3b3c39e3a9a96be8a1d3e3e0a
mqttui,lto-fat_opt-3_panic-unwind,fat,3,unwind,stripped,bench/origin/build/mqttui/lto-fat_opt-3_panic-unwind/mqttui.stripped,5887032,ab894aaab16887eabd0368475f5d8d40686024c28dda4a3dd215ead27909a29d
mqttui,lto-fat_opt-z_panic-abort,fat,z,abort,debug,bench/origin/build/mqttui/lto-fat_opt-z_panic-abort/mqttui.debug,7896336,b17ec33ab3b49e58ab0ba0d5c3c071d2361dc807a3d5cf8bb5258273539a8705
mqttui,lto-fat_opt-z_panic-abort,fat,z,abort,stripped,bench/origin/build/mqttui/lto-fat_opt-z_panic-abort/mqttui.stripped,4628480,cc2fcd4ba68b6cb1974553e6fded23e85fedc86c407a8c8ebd9873de98b3aa53
mqttui,lto-fat_opt-z_panic-unwind,fat,z,unwind,debug,bench/origin/build/mqttui/lto-fat_opt-z_panic-unwind/mqttui.debug,8283088,53885475f6d648e4fa477c591361fbaefd4335f249f41b1e97ff2d0d5eb30431
mqttui,lto-fat_opt-z_panic-unwind,fat,z,unwind,stripped,bench/origin/build/mqttui/lto-fat_opt-z_panic-unwind/mqttui.stripped,4882544,0a1aa710811a756bbee5258b24a4b9fa7e7491f792a62d7b3d6b737866a891c7
mqttui,lto-thin_opt-3_panic-abort,thin,3,abort,debug,bench/origin/build/mqttui/lto-thin_opt-3_panic-abort/mqttui.debug,9646416,f2939a571a3c6458ed9586dddd4eedcd2130c116de7a326f58ecff74d9d24ddb
mqttui,lto-thin_opt-3_panic-abort,thin,3,abort,stripped,bench/origin/build/mqttui/lto-thin_opt-3_panic-abort/mqttui.stripped,6051208,0cc78d51e64f645de2a4a2db6e27f9709ae44c57fe687444cdf4dbd5429314c1
mqttui,lto-thin_opt-3_panic-unwind,thin,3,unwind,debug,bench/origin/build/mqttui/lto-thin_opt-3_panic-unwind/mqttui.debug,10214208,816d7f33615613be014b9e8596decbace52483cb0e2d0108d154098bd861fd92
mqttui,lto-thin_opt-3_panic-unwind,thin,3,unwind,stripped,bench/origin/build/mqttui/lto-thin_opt-3_panic-unwind/mqttui.stripped,6440048,24e833b3e74d0705d7df721cda8cae2951190a6300338f8e39850e638625fbea
mqttui,lto-thin_opt-z_panic-abort,thin,z,abort,debug,bench/origin/build/mqttui/lto-thin_opt-z_panic-abort/mqttui.debug,9671272,03e9d0462a8211dc4f4eee87ddf889e825afb645f1cf2b33de83ef91ed65d70d
mqttui,lto-thin_opt-z_panic-abort,thin,z,abort,stripped,bench/origin/build/mqttui/lto-thin_opt-z_panic-abort/mqttui.stripped,5244216,f072e91aa4918483dd177fad6a2f95feacdae0c78604a8924ecdfebb27c9f6bd
mqttui,lto-thin_opt-z_panic-unwind,thin,z,unwind,debug,bench/origin/build/mqttui/lto-thin_opt-z_panic-unwind/mqttui.debug,10089112,439053a76488d2d17cc1b30271dfb79cf12a811c6b29361ae3fd81b1d9bf45b0
mqttui,lto-thin_opt-z_panic-unwind,thin,z,unwind,stripped,bench/origin/build/mqttui/lto-thin_opt-z_panic-unwind/mqttui.stripped,5501872,67ff6b68a4197f3aed761e804de7d9967dd5738bf860e69ed4c8262fe8a33d0b
netscanner,lto-fat_opt-3_panic-abort,fat,3,abort,debug,bench/origin/build/netscanner/lto-fat_opt-3_panic-abort/netscanner.debug,19479816,b1519f44996b82fef67064aa28bc28b661945bb1fe905df0517bd75a03fd3d70
netscanner,lto-fat_opt-3_panic-abort,fat,3,abort,stripped,bench/origin/build/netscanner/lto-fat_opt-3_panic-abort/netscanner.stripped,16312968,e25ad3f00b2fbae375004e9631743f80aa4230ac02b612b1fc01882b300b8fa5
netscanner,lto-fat_opt-3_panic-unwind,fat,3,unwind,debug,bench/origin/build/netscanner/lto-fat_opt-3_panic-unwind/netscanner.debug,20209384,54268a5b9b397ec316641aca2cbbd4c0cd821601fb94f34eda573d662b259ecc
netscanner,lto-fat_opt-3_panic-unwind,fat,3,unwind,stripped,bench/origin/build/netscanner/lto-fat_opt-3_panic-unwind/netscanner.stripped,16819144,4d1c30bd40e3d6d1b692b148c565fe2b37913c4eed56ef19d8ea8351af0553bc
netscanner,lto-fat_opt-z_panic-abort,fat,z,abort,debug,bench/origin/build/netscanner/lto-fat_opt-z_panic-abort/netscanner.debug,18478008,a5c093183342d825c1081d5b0c23b4322eedce6fae1ef3a9cc59b923c5549d16
netscanner,lto-fat_opt-z_panic-abort,fat,z,abort,stripped,bench/origin/build/netscanner/lto-fat_opt-z_panic-abort/netscanner.stripped,15104232,589b488df1f3ab241da1bd5507e976762f3ea2528254786b7262bca4ccf9792e
netscanner,lto-fat_opt-z_panic-unwind,fat,z,unwind,debug,bench/origin/build/netscanner/lto-fat_opt-z_panic-unwind/netscanner.debug,19018440,34d79fb71443fa16f4e5148c6853872939438b01446522cb5b57c026539178fb
netscanner,lto-fat_opt-z_panic-unwind,fat,z,unwind,stripped,bench/origin/build/netscanner/lto-fat_opt-z_panic-unwind/netscanner.stripped,15437280,9449b7384a91c810fef94e6204f8e8867f1b81d4bcdf1ec9191a18282e6af8af
netscanner,lto-thin_opt-3_panic-abort,thin,3,abort,debug,bench/origin/build/netscanner/lto-thin_opt-3_panic-abort/netscanner.debug,20357032,6b2d26f5eb558e3d64a31d23bd17bb26a3f4d8d81ab64f53b9c38b249eb308d1
netscanner,lto-thin_opt-3_panic-abort,thin,3,abort,stripped,bench/origin/build/netscanner/lto-thin_opt-3_panic-abort/netscanner.stripped,16694528,f16410aea2e72ad98839c665e0d10664c978442c85d7bdc82273ed24df2100f9
netscanner,lto-thin_opt-3_panic-unwind,thin,3,unwind,debug,bench/origin/build/netscanner/lto-thin_opt-3_panic-unwind/netscanner.debug,21168368,b9e66c0ead4913b09fafe23f3d10b33520dc6cca3ac88ceb552a87ec19e6169d
netscanner,lto-thin_opt-3_panic-unwind,thin,3,unwind,stripped,bench/origin/build/netscanner/lto-thin_opt-3_panic-unwind/netscanner.stripped,17230672,4149015af51fbe274059b01dfcabb68b49fa4f01e72191477ee0573abc13b9b6
netscanner,lto-thin_opt-z_panic-abort,thin,z,abort,debug,bench/origin/build/netscanner/lto-thin_opt-z_panic-abort/netscanner.debug,20649976,6f27e0013e4a0fe9397d6296bdfdfd92c25d4ca7cf79662f862fda5cd43c55e2
netscanner,lto-thin_opt-z_panic-abort,thin,z,abort,stripped,bench/origin/build/netscanner/lto-thin_opt-z_panic-abort/netscanner.stripped,16001416,b83a99709de4de040deae8492ab67b9d65957319a9720358b345ef1516351ee4
netscanner,lto-thin_opt-z_panic-unwind,thin,z,unwind,debug,bench/origin/build/netscanner/lto-thin_opt-z_panic-unwind/netscanner.debug,21258800,2b41cee785d9842b6aa2854b1521a03ccc6fdecd17bba12476f98014d45f77f5
netscanner,lto-thin_opt-z_panic-unwind,thin,z,unwind,stripped,bench/origin/build/netscanner/lto-thin_opt-z_panic-unwind/netscanner.stripped,16338568,7661d3ddb54f3d9696e1db81297e768b81a032ee433e250480b1f953e6f3262f
oha,lto-fat_opt-3_panic-abort,fat,3,abort,debug,bench/origin/build/oha/lto-fat_opt-3_panic-abort/oha.debug,19734824,c11525544d145c85913653289146a2992101a1c9b6fa3123c5f510c5fa9f5884
oha,lto-fat_opt-3_panic-abort,fat,3,abort,stripped,bench/origin/build/oha/lto-fat_opt-3_panic-abort/oha.stripped,11413552,0788b180224cf03386d2753d1d4757c703bdbfff2a3de6ee4fbd05823abeb7e8
oha,lto-fat_opt-3_panic-unwind,fat,3,unwind,debug,bench/origin/build/oha/lto-fat_opt-3_panic-unwind/oha.debug,21234040,fe2fceca51315a04fcad4bc11e87e7605dd4d757011cf39f55a652e49e8b0760
oha,lto-fat_opt-3_panic-unwind,fat,3,unwind,stripped,bench/origin/build/oha/lto-fat_opt-3_panic-unwind/oha.stripped,12453168,03c0877bdd09f218ebbbb38a84daa57d49834193a5fc305c08bb08d3fc7d4fb0
oha,lto-fat_opt-z_panic-abort,fat,z,abort,debug,bench/origin/build/oha/lto-fat_opt-z_panic-abort/oha.debug,15506512,28c1add4b6a78fcffa4acf8d78a88f4f3f07c15eda1b584e87d34a39a87bf759
oha,lto-fat_opt-z_panic-abort,fat,z,abort,stripped,bench/origin/build/oha/lto-fat_opt-z_panic-abort/oha.stripped,7868624,512770810d788409637b88606bce50fa7f55f59742ca3cb26977098ae0d3d370
oha,lto-fat_opt-z_panic-unwind,fat,z,unwind,debug,bench/origin/build/oha/lto-fat_opt-z_panic-unwind/oha.debug,16561920,7b1993aca98d7e73032aef40fed421ddc76971fde02de1f6e47d9c467b0020c3
oha,lto-fat_opt-z_panic-unwind,fat,z,unwind,stripped,bench/origin/build/oha/lto-fat_opt-z_panic-unwind/oha.stripped,8545200,c0069a05bfdcc6edfedc09bb986e50b5ae03e23b6494ca564ecb3581a6876db7
oha,lto-thin_opt-3_panic-abort,thin,3,abort,debug,bench/origin/build/oha/lto-thin_opt-3_panic-abort/oha.debug,21726424,b04e559613e843a095550d42db3bf3af10b5804371e93e7522ec420d74325141
oha,lto-thin_opt-3_panic-abort,thin,3,abort,stripped,bench/origin/build/oha/lto-thin_opt-3_panic-abort/oha.stripped,12682896,a4db4ab14c7660c2fc88e6a4c0f3b3645b0d952060c277add7abefbc7827e817
oha,lto-thin_opt-3_panic-unwind,thin,3,unwind,debug,bench/origin/build/oha/lto-thin_opt-3_panic-unwind/oha.debug,23383000,981a95ea0d0f170ba7e82aa7bf0bbe97fbbcce333dffd5d630fc79c059c030a8
oha,lto-thin_opt-3_panic-unwind,thin,3,unwind,stripped,bench/origin/build/oha/lto-thin_opt-3_panic-unwind/oha.stripped,13811408,87b3d4f513c7e4bc83e9af23d8b825e84730800ab2f5892bdd1b585f467d6c94
oha,lto-thin_opt-z_panic-abort,thin,z,abort,debug,bench/origin/build/oha/lto-thin_opt-z_panic-abort/oha.debug,19679560,bcf36e9a3ef4bc82049646b9bf08eec0146c33dbc835f95c6912dd631272a86b
oha,lto-thin_opt-z_panic-abort,thin,z,abort,stripped,bench/origin/build/oha/lto-thin_opt-z_panic-abort/oha.stripped,9223952,87e08a05af3ebbe514301ce63d23a30c7377effe6ed78f6be602aa46239fcccb
oha,lto-thin_opt-z_panic-unwind,thin,z,unwind,debug,bench/origin/build/oha/lto-thin_opt-z_panic-unwind/oha.debug,20907640,3389403c01ef99d9680a9b49920536af6e883e0ea7d601e550687e869199c622
oha,lto-thin_opt-z_panic-unwind,thin,z,unwind,stripped,bench/origin/build/oha/lto-thin_opt-z_panic-unwind/oha.stripped,9937552,0481713473b88feec83a5c09d620ea3ca5d081a4ea19f6a7df3c82b6832a7d15
ouch,lto-fat_opt-3_panic-abort,fat,3,abort,debug,bench/origin/build/ouch/lto-fat_opt-3_panic-abort/ouch.debug,8268136,9b9cdc93c1af0ad3ba61aa33c7e8ea15bc2b176404eba357d6b09e7dbd307864
ouch,lto-fat_opt-3_panic-abort,fat,3,abort,stripped,bench/origin/build/ouch/lto-fat_opt-3_panic-abort/ouch.stripped,5817160,c16b589fc594c674876b34aa9937d56ed543e90712a59725ff4d95b7f58586fd
ouch,lto-fat_opt-3_panic-unwind,fat,3,unwind,debug,bench/origin/build/ouch/lto-fat_opt-3_panic-unwind/ouch.debug,8883216,ae1bf0e7649783029ecb815bb3a7f90dc8dbb6b40e3d0e4300dbdf1402d6a7b8
ouch,lto-fat_opt-3_panic-unwind,fat,3,unwind,stripped,bench/origin/build/ouch/lto-fat_opt-3_panic-unwind/ouch.stripped,6246472,3692d61541e592b2ebfc20ebbf66f36e6a8dada2b03ec3bae70ffaa116dc2366
ouch,lto-fat_opt-z_panic-abort,fat,z,abort,debug,bench/origin/build/ouch/lto-fat_opt-z_panic-abort/ouch.debug,7322072,1d214cf72a3105ab6ea1da405cd3d14c1145aa7243e7756de478f3c82f65efa2
ouch,lto-fat_opt-z_panic-abort,fat,z,abort,stripped,bench/origin/build/ouch/lto-fat_opt-z_panic-abort/ouch.stripped,4679336,f1138bddaf9e6881b9c1187474d35cfec81bfbe60a93e0d01687b8210bb70c45
ouch,lto-fat_opt-z_panic-unwind,fat,z,unwind,debug,bench/origin/build/ouch/lto-fat_opt-z_panic-unwind/ouch.debug,7734288,7884ab0d6b4fe571a3a77ded495cfc9385a48dad1ea75ec0667b669b022837af
ouch,lto-fat_opt-z_panic-unwind,fat,z,unwind,stripped,bench/origin/build/ouch/lto-fat_opt-z_panic-unwind/ouch.stripped,4939304,f186c5825eec2c431f780279049448a26b4fe183b3b5ea302c7e31f98779f683
ouch,lto-thin_opt-3_panic-abort,thin,3,abort,debug,bench/origin/build/ouch/lto-thin_opt-3_panic-abort/ouch.debug,8856528,f2e78cc295eacf0ddd205b1a25e49b2c2fdd4b9afcfba712bd83009cf18a3205
ouch,lto-thin_opt-3_panic-abort,thin,3,abort,stripped,bench/origin/build/ouch/lto-thin_opt-3_panic-abort/ouch.stripped,6068648,3af89b43ead71382dc268bdb9d2785ad1aecc03889c55721013bacfd20ec0b6d
ouch,lto-thin_opt-3_panic-unwind,thin,3,unwind,debug,bench/origin/build/ouch/lto-thin_opt-3_panic-unwind/ouch.debug,9518872,3df4f21c30f6826200d94cca5cc8840d8bce50e1b39810a78dea3e810a96fbbf
ouch,lto-thin_opt-3_panic-unwind,thin,3,unwind,stripped,bench/origin/build/ouch/lto-thin_opt-3_panic-unwind/ouch.stripped,6519784,f1148e87651274174f5a29857971d46d2f19d7830d89c135f6b8ed0fded23cc9
ouch,lto-thin_opt-z_panic-abort,thin,z,abort,debug,bench/origin/build/ouch/lto-thin_opt-z_panic-abort/ouch.debug,8485952,6c3e03e77a54a433d7d2c216f97f386969d48ddf835f53e12ba0236910dccfa1
ouch,lto-thin_opt-z_panic-abort,thin,z,abort,stripped,bench/origin/build/ouch/lto-thin_opt-z_panic-abort/ouch.stripped,5156808,6c87d1ddd657cd5d59bae69abe02326de4147680d75cdef75a3360c5c7d0db69
ouch,lto-thin_opt-z_panic-unwind,thin,z,unwind,debug,bench/origin/build/ouch/lto-thin_opt-z_panic-unwind/ouch.debug,8949648,ef7b9a835cc1e195f16b05d5f4314e3922f9c0ff867b2322bd37efb52482f429
ouch,lto-thin_opt-z_panic-unwind,thin,z,unwind,stripped,bench/origin/build/ouch/lto-thin_opt-z_panic-unwind/ouch.stripped,5434184,3ac67bc16c3854174c60521c5b09dadbf90237981732158d36d9fc2df1449e4e
oxker,lto-fat_opt-3_panic-abort,fat,3,abort,debug,bench/origin/build/oxker/lto-fat_opt-3_panic-abort/oxker.debug,7690232,03d508a5ecafea5694a37826d6dbc50d65084d8b1e827d698e06ef923ad8dfc0
oxker,lto-fat_opt-3_panic-abort,fat,3,abort,stripped,bench/origin/build/oxker/lto-fat_opt-3_panic-abort/oxker.stripped,4485696,92f0b9e309ea971025cacebd4b889aa915ee09630e51a0bbef7d2afd3a499326
oxker,lto-fat_opt-3_panic-unwind,fat,3,unwind,debug,bench/origin/build/oxker/lto-fat_opt-3_panic-unwind/oxker.debug,8553280,cb8f097cfa720de3f969ec2e05e1bfb520632a14dbb63fb1d51c5c8e42d8830b
oxker,lto-fat_opt-3_panic-unwind,fat,3,unwind,stripped,bench/origin/build/oxker/lto-fat_opt-3_panic-unwind/oxker.stripped,5115456,9129ec6cf6c64ccaf5f81c6237c4797c22248d972564677b33b8ac1877636f3c
oxker,lto-fat_opt-z_panic-abort,fat,z,abort,debug,bench/origin/build/oxker/lto-fat_opt-z_panic-abort/oxker.debug,6814824,dd459e94cfa936d7074402596a5ccec5051dcddea30913b554274747f0db39d5
oxker,lto-fat_opt-z_panic-abort,fat,z,abort,stripped,bench/origin/build/oxker/lto-fat_opt-z_panic-abort/oxker.stripped,3320152,9c5dbfd4f0e759486f8fe25cbcf45b6aba0045742184de47b9a6dff4f888c64b
oxker,lto-fat_opt-z_panic-unwind,fat,z,unwind,debug,bench/origin/build/oxker/lto-fat_opt-z_panic-unwind/oxker.debug,7427048,2e16fd2266be6a8e691ed5e830c42da493b8f01a7918117c6677664fd7c2146c
oxker,lto-fat_opt-z_panic-unwind,fat,z,unwind,stripped,bench/origin/build/oxker/lto-fat_opt-z_panic-unwind/oxker.stripped,3729056,25d3e8c6ba83bef3c885af47c47fae0f159fe8a944b6e57e6c13f1b540b57581
oxker,lto-thin_opt-3_panic-abort,thin,3,abort,debug,bench/origin/build/oxker/lto-thin_opt-3_panic-abort/oxker.debug,8380976,bf3b6c4b85e617d6f60299cf46b66a2c7f282e9479261c75533e36788783c2b1
oxker,lto-thin_opt-3_panic-abort,thin,3,abort,stripped,bench/origin/build/oxker/lto-thin_opt-3_panic-abort/oxker.stripped,4690976,0f31acbb67fb0b2594739f315931a5ce686804f8d70e8f3e9cf10cade26533ea
oxker,lto-thin_opt-3_panic-unwind,thin,3,unwind,debug,bench/origin/build/oxker/lto-thin_opt-3_panic-unwind/oxker.debug,9291576,09796dfefbeaaccf39938583ae820b33f4f5f09cb53f0f66ee53edf5afa1f7ff
oxker,lto-thin_opt-3_panic-unwind,thin,3,unwind,stripped,bench/origin/build/oxker/lto-thin_opt-3_panic-unwind/oxker.stripped,5330504,81b4ac5d585dd32dab23f177bdf4b8a111e4e76dd126c020177238f591116534
oxker,lto-thin_opt-z_panic-abort,thin,z,abort,debug,bench/origin/build/oxker/lto-thin_opt-z_panic-abort/oxker.debug,8441368,65e81125d5365fb5af7e6b00c948b1421364f4d5c65ba0eb505963f1d98f982f
oxker,lto-thin_opt-z_panic-abort,thin,z,abort,stripped,bench/origin/build/oxker/lto-thin_opt-z_panic-abort/oxker.stripped,3793616,c40fbd528c307f4123237b7e825edd1a6bc27bda9083bee2358bfd2c0825d89d
oxker,lto-thin_opt-z_panic-unwind,thin,z,unwind,debug,bench/origin/build/oxker/lto-thin_opt-z_panic-unwind/oxker.debug,9138616,8a6087239f5e1d2ce5bb31f62995b8a1731af073458dc0fec0ccb86f188af77c
oxker,lto-thin_opt-z_panic-unwind,thin,z,unwind,stripped,bench/origin/build/oxker/lto-thin_opt-z_panic-unwind/oxker.stripped,4236720,cd47eaf92eb651840d7a318d623506c67e4b4ea9035c16c7c297b59b3e2f90a6
pastel,lto-fat_opt-3_panic-abort,fat,3,abort,debug,bench/origin/build/pastel/lto-fat_opt-3_panic-abort/pastel.debug,3517672,e6521c98f8cbd6680000fc8f53e2038cf0dbfb23d4ef358295ad72e03ccb666e
pastel,lto-fat_opt-3_panic-abort,fat,3,abort,stripped,bench/origin/build/pastel/lto-fat_opt-3_panic-abort/pastel.stripped,1096240,27d098e1b5504eb58c31079f27252962f008962bb4c6c4b6d510c13d07f5fc81
pastel,lto-fat_opt-3_panic-unwind,fat,3,unwind,debug,bench/origin/build/pastel/lto-fat_opt-3_panic-unwind/pastel.debug,3662520,5b3788e9611c9e8fb5293b0d60a234a01db1e69dcf775a53bf8c79c76aaf9895
pastel,lto-fat_opt-3_panic-unwind,fat,3,unwind,stripped,bench/origin/build/pastel/lto-fat_opt-3_panic-unwind/pastel.stripped,1212432,a6a4c72c53b07b91c6201d686c43327aebf10945d545b7267c951fac347d2362
pastel,lto-fat_opt-z_panic-abort,fat,z,abort,debug,bench/origin/build/pastel/lto-fat_opt-z_panic-abort/pastel.debug,3197760,6a7a5e19cbea17fe653045b46e838659fbebaac1df514838f3c094fea0448599
pastel,lto-fat_opt-z_panic-abort,fat,z,abort,stripped,bench/origin/build/pastel/lto-fat_opt-z_panic-abort/pastel.stripped,792552,248252dd6427315b5c7f64136fef1073663deaccce9b17f996449416eca9cb28
pastel,lto-fat_opt-z_panic-unwind,fat,z,unwind,debug,bench/origin/build/pastel/lto-fat_opt-z_panic-unwind/pastel.debug,3275360,c7fb691500d7377b287926f2e85125aade55bf8d8ae752a5ea882db76a14c25a
pastel,lto-fat_opt-z_panic-unwind,fat,z,unwind,stripped,bench/origin/build/pastel/lto-fat_opt-z_panic-unwind/pastel.stripped,844672,5436d333b7288e2ab1647182243d16c3391c9ae41a1332d8447f0c43315e59aa
pastel,lto-thin_opt-3_panic-abort,thin,3,abort,debug,bench/origin/build/pastel/lto-thin_opt-3_panic-abort/pastel.debug,3675208,1f6ab30c71a40811f12d5e51a4d9b4cde184fd47f9a914f2e45772c4b81f49a4
pastel,lto-thin_opt-3_panic-abort,thin,3,abort,stripped,bench/origin/build/pastel/lto-thin_opt-3_panic-abort/pastel.stripped,1086768,886445121a98a5a643ab16d6571ee544db85b04385fc4a1a4750143db239c65e
pastel,lto-thin_opt-3_panic-unwind,thin,3,unwind,debug,bench/origin/build/pastel/lto-thin_opt-3_panic-unwind/pastel.debug,3830400,c7a4b682169c46b141849e7e160d80a51d5a8646255ae6d816326a1e1131fe33
pastel,lto-thin_opt-3_panic-unwind,thin,3,unwind,stripped,bench/origin/build/pastel/lto-thin_opt-3_panic-unwind/pastel.stripped,1205608,d360e034d465acbbb57a8b6e431438438e81c8f85893765148b0f61df20fc018
pastel,lto-thin_opt-z_panic-abort,thin,z,abort,debug,bench/origin/build/pastel/lto-thin_opt-z_panic-abort/pastel.debug,3621792,9c5dadd7ca019b55ca0ac961ff89959b1420c6b3fe281e51e66c0ecdf223892b
pastel,lto-thin_opt-z_panic-abort,thin,z,abort,stripped,bench/origin/build/pastel/lto-thin_opt-z_panic-abort/pastel.stripped,907912,07485df84d5ea3d9dcb0aefc18b811407e675be7e97c7355930b616a06fccb42
pastel,lto-thin_opt-z_panic-unwind,thin,z,unwind,debug,bench/origin/build/pastel/lto-thin_opt-z_panic-unwind/pastel.debug,3707336,e19bd64bcb80d944e0225b3606230fbfe1bd1f4168608447f5e11f71707f485a
pastel,lto-thin_opt-z_panic-unwind,thin,z,unwind,stripped,bench/origin/build/pastel/lto-thin_opt-z_panic-unwind/pastel.stripped,958880,7d8407f3f71513d62f9882a243f536bd44b5d5da7f52a53fefddbecd7acb2cfd
procs,lto-fat_opt-3_panic-abort,fat,3,abort,debug,bench/origin/build/procs/lto-fat_opt-3_panic-abort/procs.debug,8557392,d4b4abc34b737939347caddb594c688c64efc07a3b1f7639736f0e985f7ba1ad
procs,lto-fat_opt-3_panic-abort,fat,3,abort,stripped,bench/origin/build/procs/lto-fat_opt-3_panic-abort/procs.stripped,5219808,cdc0b079eb50ea30f0c5dd264efc315fe0893dc2d7a807864ee7a381c20556be
procs,lto-fat_opt-3_panic-unwind,fat,3,unwind,debug,bench/origin/build/procs/lto-fat_opt-3_panic-unwind/procs.debug,9363544,dcd064bb906af0edbb3da8e6c863cde74fcdbfd64632188304dc4500158ca380
procs,lto-fat_opt-3_panic-unwind,fat,3,unwind,stripped,bench/origin/build/procs/lto-fat_opt-3_panic-unwind/procs.stripped,5775576,ce12d3bce728030219435656391d5592615db89988dc552a1a752e33bc135f2d
procs,lto-fat_opt-z_panic-abort,fat,z,abort,debug,bench/origin/build/procs/lto-fat_opt-z_panic-abort/procs.debug,7705336,d1c6b1897b3d8909663df95e10ebdb07df34bdea6968f5a1a17087183c520bd7
procs,lto-fat_opt-z_panic-abort,fat,z,abort,stripped,bench/origin/build/procs/lto-fat_opt-z_panic-abort/procs.stripped,3998792,bed0894f0098e94b27c634adfdb392bc6c923108416046bddfb9a740faa6a51c
procs,lto-fat_opt-z_panic-unwind,fat,z,unwind,debug,bench/origin/build/procs/lto-fat_opt-z_panic-unwind/procs.debug,8289664,4daa83362c1a9e1599978d50faece122a08b55dbef6b51f4b17a89c5ae19fbff
procs,lto-fat_opt-z_panic-unwind,fat,z,unwind,stripped,bench/origin/build/procs/lto-fat_opt-z_panic-unwind/procs.stripped,4356352,d1a2f58213bbb9b1753299dc5440c90d923b10aac3016170ac3d9f7ce90bccb4
procs,lto-thin_opt-3_panic-abort,thin,3,abort,debug,bench/origin/build/procs/lto-thin_opt-3_panic-abort/procs.debug,9550424,252265c4c87be0ea3895bfefc9094a4fb388297cab92dda72fac76978d17c10d
procs,lto-thin_opt-3_panic-abort,thin,3,abort,stripped,bench/origin/build/procs/lto-thin_opt-3_panic-abort/procs.stripped,5629128,b1a68708a51ecd9e763395f597fa2bce154ee329318024353d6208a9b22cf683
procs,lto-thin_opt-3_panic-unwind,thin,3,unwind,debug,bench/origin/build/procs/lto-thin_opt-3_panic-unwind/procs.debug,10446472,f5b634fedef6700f4387c8af40389806d695c479089ac856fb48fb263cbe3fe5
procs,lto-thin_opt-3_panic-unwind,thin,3,unwind,stripped,bench/origin/build/procs/lto-thin_opt-3_panic-unwind/procs.stripped,6228224,340830858098dfb2bd58aed86f7811f581f971483cfc6377ccf38891693b4107
procs,lto-thin_opt-z_panic-abort,thin,z,abort,debug,bench/origin/build/procs/lto-thin_opt-z_panic-abort/procs.debug,10187808,2a73c7d463ff9e13b73379d0afeae5b91ad571d143ee38e04f40c9baa3396895
procs,lto-thin_opt-z_panic-abort,thin,z,abort,stripped,bench/origin/build/procs/lto-thin_opt-z_panic-abort/procs.stripped,4803496,b0208fe60057e146ddddf4ad3a02f5f645300db040ace1fd321446b119c11014
procs,lto-thin_opt-z_panic-unwind,thin,z,unwind,debug,bench/origin/build/procs/lto-thin_opt-z_panic-unwind/procs.debug,10884392,5b26adfab3d260bbdea8d496c103a19f7056792ee00bf3542da557d41da375c4
procs,lto-thin_opt-z_panic-unwind,thin,z,unwind,stripped,bench/origin/build/procs/lto-thin_opt-z_panic-unwind/procs.stripped,5200944,915fdf6354445c1c32e93cab21dd173312992977b0487cb71725911c0778412a
pueue,lto-fat_opt-3_panic-abort,fat,3,abort,debug,bench/origin/build/pueue/lto-fat_opt-3_panic-abort/pueue.debug,10520072,5fdd8d09505f32d7cccee65075501bcda7f205c77bacd3867d35535940c925b5
pueue,lto-fat_opt-3_panic-abort,fat,3,abort,stripped,bench/origin/build/pueue/lto-fat_opt-3_panic-abort/pueue.stripped,5387688,d41ed6ad152087bee45f274b7e2be965ce043993727ca4fe55687fbc7d040254
pueue,lto-fat_opt-3_panic-unwind,fat,3,unwind,debug,bench/origin/build/pueue/lto-fat_opt-3_panic-unwind/pueue.debug,11322088,3ef50cce038ae11ddef6bab1fdbac6fea6e4aa9655957f155b857ff9e4247fa0
pueue,lto-fat_opt-3_panic-unwind,fat,3,unwind,stripped,bench/origin/build/pueue/lto-fat_opt-3_panic-unwind/pueue.stripped,5983360,6a358db66e55ea1e6c6962e6472dbb549411c9966ad239a5dac5ed65b6a461c9
pueue,lto-fat_opt-z_panic-abort,fat,z,abort,debug,bench/origin/build/pueue/lto-fat_opt-z_panic-abort/pueue.debug,7745480,d8cf8d077ad7595b3977b8f1c98bf28bdd75a2b34176c4d742f464c8868cf769
pueue,lto-fat_opt-z_panic-abort,fat,z,abort,stripped,bench/origin/build/pueue/lto-fat_opt-z_panic-abort/pueue.stripped,3742920,de0da9bf5f33f863b02ace0037e5bd4aaa70ff5b86bc7f987576f4b8f38f89d0
pueue,lto-fat_opt-z_panic-unwind,fat,z,unwind,debug,bench/origin/build/pueue/lto-fat_opt-z_panic-unwind/pueue.debug,8425976,d1292824481e669b7cc703ea60fca9349fc851ed6a276128da9ca8ab45bf2bed
pueue,lto-fat_opt-z_panic-unwind,fat,z,unwind,stripped,bench/origin/build/pueue/lto-fat_opt-z_panic-unwind/pueue.stripped,4182320,b0f501b54026e492ca908645d5dfb75680fa4abd0d8cf283293fef2d1be75a52
pueue,lto-thin_opt-3_panic-abort,thin,3,abort,debug,bench/origin/build/pueue/lto-thin_opt-3_panic-abort/pueue.debug,11510152,989743e5bed6a81412efe0210c94eadf55f978684b2f721fb1ddf838bd7df400
pueue,lto-thin_opt-3_panic-abort,thin,3,abort,stripped,bench/origin/build/pueue/lto-thin_opt-3_panic-abort/pueue.stripped,5706800,5c0f29eae24a6ecae20d317a2b22ad82e5e0519095507b97f0d124275603dd7f
pueue,lto-thin_opt-3_panic-unwind,thin,3,unwind,debug,bench/origin/build/pueue/lto-thin_opt-3_panic-unwind/pueue.debug,12374104,b6d2f2a88aa111d25acd493e9343bd9f6ee6fe6fd1d89e9dbcaef0ddda34cf7f
pueue,lto-thin_opt-3_panic-unwind,thin,3,unwind,stripped,bench/origin/build/pueue/lto-thin_opt-3_panic-unwind/pueue.stripped,6327280,c6048e8d19be91101caf01007fbce0f369b982d21b8557d2a668300a04df7bd6
pueue,lto-thin_opt-z_panic-abort,thin,z,abort,debug,bench/origin/build/pueue/lto-thin_opt-z_panic-abort/pueue.debug,10676440,b72a50c3c6a20f624788e22c3332757e476840a0b7eecf6e75fa05abefadea50
pueue,lto-thin_opt-z_panic-abort,thin,z,abort,stripped,bench/origin/build/pueue/lto-thin_opt-z_panic-abort/pueue.stripped,4651000,3ad14b1b761daaa855e7484a7fc41bf44de6c09c3e0207a3e5c74c80d3d5e9c7
pueue,lto-thin_opt-z_panic-unwind,thin,z,unwind,debug,bench/origin/build/pueue/lto-thin_opt-z_panic-unwind/pueue.debug,11306160,49897c4cac3fb26227d91d5982792bdd4664027590954f8f775234596de6f8e9
pueue,lto-thin_opt-z_panic-unwind,thin,z,unwind,stripped,bench/origin/build/pueue/lto-thin_opt-z_panic-unwind/pueue.stripped,5055784,61daa7f11113c8442da5b1020fdb1c43509e93a4c66cb3785ad80c58befd12a2
rage,lto-fat_opt-3_panic-abort,fat,3,abort,debug,bench/origin/build/rage/lto-fat_opt-3_panic-abort/rage.debug,5802688,3544609cd466ecdbb0a1be511d6eb5e7e6ce03474f66bdca8b3099071c3cb1b3
rage,lto-fat_opt-3_panic-abort,fat,3,abort,stripped,bench/origin/build/rage/lto-fat_opt-3_panic-abort/rage.stripped,3344952,c82e9b6b63373fce7676a5dc1b17e950d5864441411f5717146366f9eb369f6b
rage,lto-fat_opt-3_panic-unwind,fat,3,unwind,debug,bench/origin/build/rage/lto-fat_opt-3_panic-unwind/rage.debug,6160472,92964cab490e5da5194d310a31dcb6e386470a822ed42d3e5ef951d9b383b170
rage,lto-fat_opt-3_panic-unwind,fat,3,unwind,stripped,bench/origin/build/rage/lto-fat_opt-3_panic-unwind/rage.stripped,3574328,220a73b46f44ac81d6f8e019123af7045085c4ba33832ad47ce2c651418b5643
rage,lto-fat_opt-z_panic-abort,fat,z,abort,debug,bench/origin/build/rage/lto-fat_opt-z_panic-abort/rage.debug,5125224,7519e7a3ed5a59adbb47d0beafe06295fbc77cfa416e89f46cc3256a48d9194c
rage,lto-fat_opt-z_panic-abort,fat,z,abort,stripped,bench/origin/build/rage/lto-fat_opt-z_panic-abort/rage.stripped,2505304,0a60b5a1e48f5107ad915147f1886714f3a09eb19a9c34ed10cc6fc4c0e59a6f
rage,lto-fat_opt-z_panic-unwind,fat,z,unwind,debug,bench/origin/build/rage/lto-fat_opt-z_panic-unwind/rage.debug,5374800,91a1bb404cf697fbb17eebad67c4135d31a2c9b6ffb5c18cbfc7b7c4a9b36bb3
rage,lto-fat_opt-z_panic-unwind,fat,z,unwind,stripped,bench/origin/build/rage/lto-fat_opt-z_panic-unwind/rage.stripped,2660920,45122a8b1278d3c470ff08dcbe55c54de789c84a07423bc03f45a229651f4e6e
rage,lto-thin_opt-3_panic-abort,thin,3,abort,debug,bench/origin/build/rage/lto-thin_opt-3_panic-abort/rage.debug,6587368,9dddf098d2452327f0edd87ddbb38823344f1c51de638ff116ad9cc3cf23e4ba
rage,lto-thin_opt-3_panic-abort,thin,3,abort,stripped,bench/origin/build/rage/lto-thin_opt-3_panic-abort/rage.stripped,3721792,2202ca8fd45b167118a687403b380ef8c91e839a25ad93cf94bf3d57d6edeca6
rage,lto-thin_opt-3_panic-unwind,thin,3,unwind,debug,bench/origin/build/rage/lto-thin_opt-3_panic-unwind/rage.debug,6969176,ab61602fa53d9b190f7a93b0de9955701a2030aa927cacb6a7cd4784022b8fc0
rage,lto-thin_opt-3_panic-unwind,thin,3,unwind,stripped,bench/origin/build/rage/lto-thin_opt-3_panic-unwind/rage.stripped,3996224,c79ab3ce2cd676b451bfbc8080461f26912186dd2164a9c2cbb5781c6ca26c2b
rage,lto-thin_opt-z_panic-abort,thin,z,abort,debug,bench/origin/build/rage/lto-thin_opt-z_panic-abort/rage.debug,6452264,cdab52ec3fccae47dfe67a41ea362c0c45c1221b6c909b12122db0d63fa72104
rage,lto-thin_opt-z_panic-abort,thin,z,abort,stripped,bench/origin/build/rage/lto-thin_opt-z_panic-abort/rage.stripped,3025504,6f140ad56272f143cc84ab231cba496ba5e92176ea537af514c42115e915a5b1
rage,lto-thin_opt-z_panic-unwind,thin,z,unwind,debug,bench/origin/build/rage/lto-thin_opt-z_panic-unwind/rage.debug,6724800,8c52c55e2f98555076b94f664b378cbe9687b615bd30a35877684301475f07aa
rage,lto-thin_opt-z_panic-unwind,thin,z,unwind,stripped,bench/origin/build/rage/lto-thin_opt-z_panic-unwind/rage.stripped,3197536,e42d87d1d6aa1fe1b52b988ec3a442f783949d3961d3951cb833da8e7ca26691
rathole,lto-fat_opt-3_panic-abort,fat,3,abort,debug,bench/origin/build/rathole/lto-fat_opt-3_panic-abort/rathole.debug,7138040,d1c79fae2608aa47f05343be2d0a344476ca2400ca0646654dcb2c481f1a51ab
rathole,lto-fat_opt-3_panic-abort,fat,3,abort,stripped,bench/origin/build/rathole/lto-fat_opt-3_panic-abort/rathole.stripped,4608752,09439209a7ecfa071242df4acf2f0bb5f3953ffa9716a1b1ff1ded03f27f8d0e
rathole,lto-fat_opt-3_panic-unwind,fat,3,unwind,debug,bench/origin/build/rathole/lto-fat_opt-3_panic-unwind/rathole.debug,8206968,b77365846f8e7de4176ee17871a0d94f18200450d4a9c9407ae091aa75440962
rathole,lto-fat_opt-3_panic-unwind,fat,3,unwind,stripped,bench/origin/build/rathole/lto-fat_opt-3_panic-unwind/rathole.stripped,5333744,47012105bfaad4b091b215d2df38867ce0ff22d741241dd0bf5475fd8dbd1182
rathole,lto-fat_opt-z_panic-abort,fat,z,abort,debug,bench/origin/build/rathole/lto-fat_opt-z_panic-abort/rathole.debug,6501928,b8b0b967da06638d89a16179c89bc0cd072d2497519232195815093c1fa7c38b
rathole,lto-fat_opt-z_panic-abort,fat,z,abort,stripped,bench/origin/build/rathole/lto-fat_opt-z_panic-abort/rathole.stripped,3662576,c77c4ec1cedd4f527ba57882eb8e77172f8e33246385667cf28294248d8d8128
rathole,lto-fat_opt-z_panic-unwind,fat,z,unwind,debug,bench/origin/build/rathole/lto-fat_opt-z_panic-unwind/rathole.debug,7319728,80b661de30f5bbb21099840b661b6ba2b06c8d6d6a3c275a57da1ac9a0b19bbc
rathole,lto-fat_opt-z_panic-unwind,fat,z,unwind,stripped,bench/origin/build/rathole/lto-fat_opt-z_panic-unwind/rathole.stripped,4166384,ef728afec70c27e9bc4dc8ec066c5e7ab422fd2d8251553971b64460957fb728
rathole,lto-thin_opt-3_panic-abort,thin,3,abort,debug,bench/origin/build/rathole/lto-thin_opt-3_panic-abort/rathole.debug,8006816,78cb5256640b5a0d1f38fb27d02b801f2eb3d54c738668641371ecafb5484c13
rathole,lto-thin_opt-3_panic-abort,thin,3,abort,stripped,bench/origin/build/rathole/lto-thin_opt-3_panic-abort/rathole.stripped,5034760,df57d24b42fa14584a15921e10e2eef47b7a9c2023746a6f1333cd6bfb71c804
rathole,lto-thin_opt-3_panic-unwind,thin,3,unwind,debug,bench/origin/build/rathole/lto-thin_opt-3_panic-unwind/rathole.debug,9294752,034a1abc59b21ae27bd22271dcb585157f337a8528b7358691561c0d6cefb008
rathole,lto-thin_opt-3_panic-unwind,thin,3,unwind,stripped,bench/origin/build/rathole/lto-thin_opt-3_panic-unwind/rathole.stripped,5858056,71227d7d9583d84891d1a09f7ae1243ca74a219d78af9801ca6803f98be3015d
rathole,lto-thin_opt-z_panic-abort,thin,z,abort,debug,bench/origin/build/rathole/lto-thin_opt-z_panic-abort/rathole.debug,8343184,9fdc94d94ff53a0d22794e1471251b4a0bf102ab05d13e7cc55d3bc9e4bae115
rathole,lto-thin_opt-z_panic-abort,thin,z,abort,stripped,bench/origin/build/rathole/lto-thin_opt-z_panic-abort/rathole.stripped,4489992,4240a124666c25c415309f12b61a82363ff2161514102a4ffa1e8fe91f13c97d
rathole,lto-thin_opt-z_panic-unwind,thin,z,unwind,debug,bench/origin/build/rathole/lto-thin_opt-z_panic-unwind/rathole.debug,9354072,13a024468f4cfe3f4587d2bebeaea68201af4c8bebf080d37d3c605c7b7eb832
rathole,lto-thin_opt-z_panic-unwind,thin,z,unwind,stripped,bench/origin/build/rathole/lto-thin_opt-z_panic-unwind/rathole.stripped,5051144,12aca60e9450451a7c131527285023c8d3315ac2959d3bd73c9bef88d593909f
ripgrep,lto-fat_opt-3_panic-abort,fat,3,abort,debug,bench/origin/build/ripgrep/lto-fat_opt-3_panic-abort/rg.debug,20031816,aa97d4a123994d24aeace2b1d94894d73cc76a0fd6d1cc8ea9c9797336f16232
ripgrep,lto-fat_opt-3_panic-abort,fat,3,abort,stripped,bench/origin/build/ripgrep/lto-fat_opt-3_panic-abort/rg.stripped,3796704,d2352c1aae0e2bdcb216d27dca06beb9a8c3020e29066b3f7caef0606a573b32
ripgrep,lto-fat_opt-3_panic-unwind,fat,3,unwind,debug,bench/origin/build/ripgrep/lto-fat_opt-3_panic-unwind/rg.debug,21662752,515da3799f62a91668ec091eac6e12a7779cfa755221b628b7e41d00f9638b68
ripgrep,lto-fat_opt-3_panic-unwind,fat,3,unwind,stripped,bench/origin/build/ripgrep/lto-fat_opt-3_panic-unwind/rg.stripped,4061496,33c88775124303f8119338f96470751af1d34f6c126f24402464d137f59f2305
ripgrep,lto-fat_opt-z_panic-abort,fat,z,abort,debug,bench/origin/build/ripgrep/lto-fat_opt-z_panic-abort/rg.debug,15441032,c36c92406c753eb0eac5b71271aed00a512093666e2d3e42dde85bdfe5261993
ripgrep,lto-fat_opt-z_panic-abort,fat,z,abort,stripped,bench/origin/build/ripgrep/lto-fat_opt-z_panic-abort/rg.stripped,2999408,a0f174c558f90ea591f112b64ce347a06d702ccf6de5a1848be613d9edf19cbd
ripgrep,lto-fat_opt-z_panic-unwind,fat,z,unwind,debug,bench/origin/build/ripgrep/lto-fat_opt-z_panic-unwind/rg.debug,16098952,c1ea3b1cb1719a73e9a2069cd060cfd8732e377d0193ff1a4356508cddd9e7f6
ripgrep,lto-fat_opt-z_panic-unwind,fat,z,unwind,stripped,bench/origin/build/ripgrep/lto-fat_opt-z_panic-unwind/rg.stripped,3125256,d85f6040b0d3d1b5e2e1d5a490ca5a413763a4cd82b5ae220a528a79be380fa1
ripgrep,lto-thin_opt-3_panic-abort,thin,3,abort,debug,bench/origin/build/ripgrep/lto-thin_opt-3_panic-abort/rg.debug,20935200,cb5a7f95413589b8f801346e995ae5637eada5bf72b881cd10f96e26ea20cf62
ripgrep,lto-thin_opt-3_panic-abort,thin,3,abort,stripped,bench/origin/build/ripgrep/lto-thin_opt-3_panic-abort/rg.stripped,3938680,71cd443600b9fefbaad6a8068cf73c5fdf1ffcf52dad66813d99bafe2f1b1408
ripgrep,lto-thin_opt-3_panic-unwind,thin,3,unwind,debug,bench/origin/build/ripgrep/lto-thin_opt-3_panic-unwind/rg.debug,22674464,4300fb221e2987666bfaf59cbbf0a050108e04d24543cd0e7f7d4a5cd802f065
ripgrep,lto-thin_opt-3_panic-unwind,thin,3,unwind,stripped,bench/origin/build/ripgrep/lto-thin_opt-3_panic-unwind/rg.stripped,4213552,68844d37ab6f6042413c75d4f26c81ac6276bfbfaeb340c98e5c220851e24004
ripgrep,lto-thin_opt-z_panic-abort,thin,z,abort,debug,bench/origin/build/ripgrep/lto-thin_opt-z_panic-abort/rg.debug,17235552,b9f5d2ca402e832d4ef4717cc542be3d0b736d966a571bb7388648c948bb6fbd
ripgrep,lto-thin_opt-z_panic-abort,thin,z,abort,stripped,bench/origin/build/ripgrep/lto-thin_opt-z_panic-abort/rg.stripped,3335368,11d79a4e35952dc37fe6eaa72652a8e3852ac6eb0a65b8dd2f568f17f775d8e3
ripgrep,lto-thin_opt-z_panic-unwind,thin,z,unwind,debug,bench/origin/build/ripgrep/lto-thin_opt-z_panic-unwind/rg.debug,18022240,b786fff3688b21a45de69878141425ca1c5ed70efdd42c26d9f654d117c3f83b
ripgrep,lto-thin_opt-z_panic-unwind,thin,z,unwind,stripped,bench/origin/build/ripgrep/lto-thin_opt-z_panic-unwind/rg.stripped,3474064,77c353621e20626e97eea031fd4ca2f65bd647ce5c7658ff9596ffff27ebd85a
rustscan,lto-fat_opt-3_panic-abort,fat,3,abort,debug,bench/origin/build/rustscan/lto-fat_opt-3_panic-abort/rustscan.debug,9203592,f2a37185bfa7c108803b348bd9c08b12d566417c1c899c46327db216f8758601
rustscan,lto-fat_opt-3_panic-abort,fat,3,abort,stripped,bench/origin/build/rustscan/lto-fat_opt-3_panic-abort/rustscan.stripped,4214496,55fc3a9bf6c985aa9f404c4486d20d060296cbf9109e66f422c08f64077fd1fa
rustscan,lto-fat_opt-3_panic-unwind,fat,3,unwind,debug,bench/origin/build/rustscan/lto-fat_opt-3_panic-unwind/rustscan.debug,9798440,f7a99e6502dc0324e552c3ea758790dfd772f68bc8383ab82ad37c55128b8074
rustscan,lto-fat_opt-3_panic-unwind,fat,3,unwind,stripped,bench/origin/build/rustscan/lto-fat_opt-3_panic-unwind/rustscan.stripped,4614584,d8791afad47f45eee8d66eccdb01c38c08e1c7d1c2c6dae9af21bfe5be77ee27
rustscan,lto-fat_opt-z_panic-abort,fat,z,abort,debug,bench/origin/build/rustscan/lto-fat_opt-z_panic-abort/rustscan.debug,7237024,5c7a4fcad0df11861207ac883da6b08e27fe39623448d73cc68de6b042f05fa0
rustscan,lto-fat_opt-z_panic-abort,fat,z,abort,stripped,bench/origin/build/rustscan/lto-fat_opt-z_panic-abort/rustscan.stripped,3326464,0d994a75ba962a4e7c3551db00c34a9b306e119ef50ad189db8b2a0ee5d19da6
rustscan,lto-fat_opt-z_panic-unwind,fat,z,unwind,debug,bench/origin/build/rustscan/lto-fat_opt-z_panic-unwind/rustscan.debug,7642832,792a5cf570bac7e22a02f0000296431055205d0671fde573d8b6a71a88ab4fe3
rustscan,lto-fat_opt-z_panic-unwind,fat,z,unwind,stripped,bench/origin/build/rustscan/lto-fat_opt-z_panic-unwind/rustscan.stripped,3561288,87b9323164889dc598c7b777a64189b8275aa385902323004c5f759117f269dc
rustscan,lto-thin_opt-3_panic-abort,thin,3,abort,debug,bench/origin/build/rustscan/lto-thin_opt-3_panic-abort/rustscan.debug,10433648,9c0d9c7e329a7e760e4ba8e27fd45976e01bcfb405e6aab2087cb2e7f8c7ee7b
rustscan,lto-thin_opt-3_panic-abort,thin,3,abort,stripped,bench/origin/build/rustscan/lto-thin_opt-3_panic-abort/rustscan.stripped,4882936,b001c77ad815c0b17a34bc4fff4d586bf3f213ee1e16d9a80b4950a6f079385d
rustscan,lto-thin_opt-3_panic-unwind,thin,3,unwind,debug,bench/origin/build/rustscan/lto-thin_opt-3_panic-unwind/rustscan.debug,11071144,adba73fcc9daa06a4c288867e3d35ea876d505870432d1c2ba4bc8f707cfe2af
rustscan,lto-thin_opt-3_panic-unwind,thin,3,unwind,stripped,bench/origin/build/rustscan/lto-thin_opt-3_panic-unwind/rustscan.stripped,5287472,f3e5bfebfdc2cdbec45785d19c683d7495d5c1a8dc82039a1be41f0af1e9c52f
rustscan,lto-thin_opt-z_panic-abort,thin,z,abort,debug,bench/origin/build/rustscan/lto-thin_opt-z_panic-abort/rustscan.debug,9581208,16d9f9d06376d3e56fc7fda5c20b16aa3074b7c1eca1085337630e45f8b2d271
rustscan,lto-thin_opt-z_panic-abort,thin,z,abort,stripped,bench/origin/build/rustscan/lto-thin_opt-z_panic-abort/rustscan.stripped,4159008,61ba99ff827ac919d555b41f1733786df11f03e737d2c60a1027f46d84d303a4
rustscan,lto-thin_opt-z_panic-unwind,thin,z,unwind,debug,bench/origin/build/rustscan/lto-thin_opt-z_panic-unwind/rustscan.debug,10062376,e66923dcdb0c2f110266f14132efb8f96b75c270feb57177f7e7b2b314b67251
rustscan,lto-thin_opt-z_panic-unwind,thin,z,unwind,stripped,bench/origin/build/rustscan/lto-thin_opt-z_panic-unwind/rustscan.stripped,4413296,81810b7e62306491ea8bd63df30f78a5a3a98a1c9abd1abe6515983a47c152f8
sd,lto-fat_opt-3_panic-abort,fat,3,abort,debug,bench/origin/build/sd/lto-fat_opt-3_panic-abort/sd.debug,4475856,136d028b0794b8ca913d7af470e7b9169cf540fc4f6472d890f9db773a94bb61
sd,lto-fat_opt-3_panic-abort,fat,3,abort,stripped,bench/origin/build/sd/lto-fat_opt-3_panic-abort/sd.stripped,2198144,b48e80b1748281b1080712829ca811bca2e57cdb653c1dd3f5e993207c76b978
sd,lto-fat_opt-3_panic-unwind,fat,3,unwind,debug,bench/origin/build/sd/lto-fat_opt-3_panic-unwind/sd.debug,4658720,d7464de1854d0efdceafafa4630b2b50c7b3f98dbfe22801f70a0f6a81088486
sd,lto-fat_opt-3_panic-unwind,fat,3,unwind,stripped,bench/origin/build/sd/lto-fat_opt-3_panic-unwind/sd.stripped,2308864,332d49e45b6b7281b4d836f95e0cd97f2afc90f86632cbe7b2bbe204271e52ec
sd,lto-fat_opt-z_panic-abort,fat,z,abort,debug,bench/origin/build/sd/lto-fat_opt-z_panic-abort/sd.debug,4106208,00f96d6eaec7ddc4e81f7b205f930dfba795376e406926c35b574870034ad4e3
sd,lto-fat_opt-z_panic-abort,fat,z,abort,stripped,bench/origin/build/sd/lto-fat_opt-z_panic-abort/sd.stripped,1805312,18b8c1314e3db478e3a196f6628a4ed43164153f5eb982c675638eb82aa7174d
sd,lto-fat_opt-z_panic-unwind,fat,z,unwind,debug,bench/origin/build/sd/lto-fat_opt-z_panic-unwind/sd.debug,4227680,c00dd961d9618e27b6824204755cd94727c16b9cdc4717cffc2f4749c8c2e80e
sd,lto-fat_opt-z_panic-unwind,fat,z,unwind,stripped,bench/origin/build/sd/lto-fat_opt-z_panic-unwind/sd.stripped,1858432,aa8f18d11a29fbe87275b85f675a3322abc1558e3ed726ddd52f6a645658f5cd
sd,lto-thin_opt-3_panic-abort,thin,3,abort,debug,bench/origin/build/sd/lto-thin_opt-3_panic-abort/sd.debug,4860736,9b12d7175cfe95e8a18d42c6a83b6f1067696c2688794f0ec003391e7507965b
sd,lto-thin_opt-3_panic-abort,thin,3,abort,stripped,bench/origin/build/sd/lto-thin_opt-3_panic-abort/sd.stripped,2300120,0a97b758d24f375ebeaf61d6ed6e7298138d6d7bb7715298529813da97e9dcdb
sd,lto-thin_opt-3_panic-unwind,thin,3,unwind,debug,bench/origin/build/sd/lto-thin_opt-3_panic-unwind/sd.debug,5062392,04c8ae0619e862c38f7ce0af1ad03c030e2e3841c41b31a46f1b5c9cd55d19ec
sd,lto-thin_opt-3_panic-unwind,thin,3,unwind,stripped,bench/origin/build/sd/lto-thin_opt-3_panic-unwind/sd.stripped,2414656,7c16ebad05d3833b996950dcc69d439baa009e85aa26071fd1c0a1b08fdffd77
sd,lto-thin_opt-z_panic-abort,thin,z,abort,debug,bench/origin/build/sd/lto-thin_opt-z_panic-abort/sd.debug,5026520,231e4f6a89637f4548935db98544a13936ff6898ec61acd03f813a63a67d28eb
sd,lto-thin_opt-z_panic-abort,thin,z,abort,stripped,bench/origin/build/sd/lto-thin_opt-z_panic-abort/sd.stripped,2061824,972d3e1a4b50c0bd3346f3aa0eea52164f3adec9e11f43b9f030141a40c82140
sd,lto-thin_opt-z_panic-unwind,thin,z,unwind,debug,bench/origin/build/sd/lto-thin_opt-z_panic-unwind/sd.debug,5160040,0fd8ed05b75a0982462d0412947809a4482986074b0282ac38936caa571f2f6e
sd,lto-thin_opt-z_panic-unwind,thin,z,unwind,stripped,bench/origin/build/sd/lto-thin_opt-z_panic-unwind/sd.stripped,2110344,eed3ef253a0a292fc67a04eb804eb934534d8dcdb5074dc6f5cc8b61dd763c47
starship,lto-fat_opt-3_panic-abort,fat,3,abort,debug,bench/origin/build/starship/lto-fat_opt-3_panic-abort/starship.debug,16341104,cd648dbcf3e24ef83facad9247c5b38999b01f02c2699403d04f0870063ae838
starship,lto-fat_opt-3_panic-abort,fat,3,abort,stripped,bench/origin/build/starship/lto-fat_opt-3_panic-abort/starship.stripped,10960112,ef720f00b80b708589ac293600dab06b52ae0b256b4c6f44d03285a54f2c836c
starship,lto-fat_opt-3_panic-unwind,fat,3,unwind,debug,bench/origin/build/starship/lto-fat_opt-3_panic-unwind/starship.debug,18186368,b7c6a14b3e14090a5c30fb4d1e1f6473caae68017c49f157f84844288e06a670
starship,lto-fat_opt-3_panic-unwind,fat,3,unwind,stripped,bench/origin/build/starship/lto-fat_opt-3_panic-unwind/starship.stripped,12284016,77b0ef9f073658c6613414170d9f3710865887f2a6caaab250060f530e6f8b5d
starship,lto-fat_opt-z_panic-abort,fat,z,abort,debug,bench/origin/build/starship/lto-fat_opt-z_panic-abort/starship.debug,12766768,d60279f6c43aed7f2639d2c69938c6b867158e23df0bed896570c82fb1b75ece
starship,lto-fat_opt-z_panic-abort,fat,z,abort,stripped,bench/origin/build/starship/lto-fat_opt-z_panic-abort/starship.stripped,7194096,db297f716f3acf3e7f7d343693ba3c2664bec3589f21b0dab3e76699660de494
starship,lto-fat_opt-z_panic-unwind,fat,z,unwind,debug,bench/origin/build/starship/lto-fat_opt-z_panic-unwind/starship.debug,14283408,47177f6da5fcdad74143c0a2a9765011bc885b3351e7191d52549d966c0a4483
starship,lto-fat_opt-z_panic-unwind,fat,z,unwind,stripped,bench/origin/build/starship/lto-fat_opt-z_panic-unwind/starship.stripped,8333424,ec529a3b6d8ba4e85cfceaf96dd80ca52d182082cb3e007f4b268c8d96079215
starship,lto-thin_opt-3_panic-abort,thin,3,abort,debug,bench/origin/build/starship/lto-thin_opt-3_panic-abort/starship.debug,18032912,f6daf7f38aad9d82e20bc272e2591fa280f6768c0a29cb9aefca2497cef8b3a3
starship,lto-thin_opt-3_panic-abort,thin,3,abort,stripped,bench/origin/build/starship/lto-thin_opt-3_panic-abort/starship.stripped,11889920,3b4f0ab624b12c341ca1b60909242e963140877eafdd1f845f59d833033de5fd
starship,lto-thin_opt-3_panic-unwind,thin,3,unwind,debug,bench/origin/build/starship/lto-thin_opt-3_panic-unwind/starship.debug,20134384,88e1a7950ede03bcfac03dfed443a16c8360a96ede06d049e074c59dc6081803
starship,lto-thin_opt-3_panic-unwind,thin,3,unwind,stripped,bench/origin/build/starship/lto-thin_opt-3_panic-unwind/starship.stripped,13371136,9850395c064f6cbe77cac6b8c7b7caa63e58772abb98a00dd058e84f2412fe64
starship,lto-thin_opt-z_panic-abort,thin,z,abort,debug,bench/origin/build/starship/lto-thin_opt-z_panic-abort/starship.debug,21612624,1f9293271e0e82977b8afe3bd48b83e7faafc502f36d68133adf02f5179d5590
starship,lto-thin_opt-z_panic-abort,thin,z,abort,stripped,bench/origin/build/starship/lto-thin_opt-z_panic-abort/starship.stripped,9378176,334ff0684bea4bbcdbe8d6448f0fde924238c962bcba9c885255cd66fb592a28
starship,lto-thin_opt-z_panic-unwind,thin,z,unwind,debug,bench/origin/build/starship/lto-thin_opt-z_panic-unwind/starship.debug,23995952,b418bf6a194c53a1f21d450862e744ee6b9fd3c23a579383326b707b08909027
starship,lto-thin_opt-z_panic-unwind,thin,z,unwind,stripped,bench/origin/build/starship/lto-thin_opt-z_panic-unwind/starship.stripped,10683008,6f9b9ba72d20a5fcb8324f150e29095a70c36db30879dbac029e9fd6a7a875f5
taplo,lto-fat_opt-3_panic-abort,fat,3,abort,debug,bench/origin/build/taplo/lto-fat_opt-3_panic-abort/taplo.debug,15719920,f9c838e094cd33bf2a72ffe1adab093581d35b5ddcff142423531513efaceb45
taplo,lto-fat_opt-3_panic-abort,fat,3,abort,stripped,bench/origin/build/taplo/lto-fat_opt-3_panic-abort/taplo.stripped,9997344,22e1cb502915541b67d0d8d159d5c06a963efb90daed5a8ece8b7b62321b88cd
taplo,lto-fat_opt-3_panic-unwind,fat,3,unwind,debug,bench/origin/build/taplo/lto-fat_opt-3_panic-unwind/taplo.debug,17571864,f11b84dde17d2f6e8882cb4911b4a1e4fa481d17265233cae627dffc13e22e17
taplo,lto-fat_opt-3_panic-unwind,fat,3,unwind,stripped,bench/origin/build/taplo/lto-fat_opt-3_panic-unwind/taplo.stripped,11316536,42c19cf52785d2c86768466023430153bc0a382d189b087b38f25eee84d99a13
taplo,lto-fat_opt-z_panic-abort,fat,z,abort,debug,bench/origin/build/taplo/lto-fat_opt-z_panic-abort/taplo.debug,12493656,377808f619ef320f2f762fc552ada243894919b9008416721215dd1a301d95ff
taplo,lto-fat_opt-z_panic-abort,fat,z,abort,stripped,bench/origin/build/taplo/lto-fat_opt-z_panic-abort/taplo.stripped,7370360,567437e1ca6d129dbb98dd514d30afd4ff2dd9668657654cabd38bca77a1d9ab
taplo,lto-fat_opt-z_panic-unwind,fat,z,unwind,debug,bench/origin/build/taplo/lto-fat_opt-z_panic-unwind/taplo.debug,13766648,53d41400517bf13b6531e419536e3e781282ef07febf9742b2bd2678e6b1225d
taplo,lto-fat_opt-z_panic-unwind,fat,z,unwind,stripped,bench/origin/build/taplo/lto-fat_opt-z_panic-unwind/taplo.stripped,8224912,69289b7f27d4739c2e27377254a3966388ee7113649cee270d4815e3910105d6
taplo,lto-thin_opt-3_panic-abort,thin,3,abort,debug,bench/origin/build/taplo/lto-thin_opt-3_panic-abort/taplo.debug,16890680,728535d5bb2c53b5508bf4142b4f6025c086d468a9e4e0807200e0af822d0e07
taplo,lto-thin_opt-3_panic-abort,thin,3,abort,stripped,bench/origin/build/taplo/lto-thin_opt-3_panic-abort/taplo.stripped,10510496,66cb2491bbb39147f02a684570c53884689cdf2a2082cb378ee05a8a7a968f12
taplo,lto-thin_opt-3_panic-unwind,thin,3,unwind,debug,bench/origin/build/taplo/lto-thin_opt-3_panic-unwind/taplo.debug,18838128,637bdd9688c81082b4752df4fb3822ac3f55b887417b397ca70c386890e2947f
taplo,lto-thin_opt-3_panic-unwind,thin,3,unwind,stripped,bench/origin/build/taplo/lto-thin_opt-3_panic-unwind/taplo.stripped,11847568,95c3f42a20e7f4cd6e13743dbbd0890aab71a8cf0d40944c2c6ecee80c6cd050
taplo,lto-thin_opt-z_panic-abort,thin,z,abort,debug,bench/origin/build/taplo/lto-thin_opt-z_panic-abort/taplo.debug,16482384,75e294cd7e67ccd6968d2a16db6030ae098b382a6e82ed17d87c5019f4da9e02
taplo,lto-thin_opt-z_panic-abort,thin,z,abort,stripped,bench/origin/build/taplo/lto-thin_opt-z_panic-abort/taplo.stripped,8723456,a4b2ffa539ff9d41c84a02bda6a82342292a0fbeba6dc78198e0445d7afb2ebf
taplo,lto-thin_opt-z_panic-unwind,thin,z,unwind,debug,bench/origin/build/taplo/lto-thin_opt-z_panic-unwind/taplo.debug,17942504,f9bd86b9b698345852140e77799c4391e9112dd155bd5d36f57af00935b703c2
taplo,lto-thin_opt-z_panic-unwind,thin,z,unwind,stripped,bench/origin/build/taplo/lto-thin_opt-z_panic-unwind/taplo.stripped,9628304,8f8521b28fb23616041c6d7f07236eaf699eff7ec40b077ff30edc1268ec5118
tealdeer,lto-fat_opt-3_panic-abort,fat,3,abort,debug,bench/origin/build/tealdeer/lto-fat_opt-3_panic-abort/tldr.debug,7715944,6da708935f85a777340d1917dc100a479a38145a27a05f10974cdc3c2dedc138
tealdeer,lto-fat_opt-3_panic-abort,fat,3,abort,stripped,bench/origin/build/tealdeer/lto-fat_opt-3_panic-abort/tldr.stripped,3038872,38f9002be359cd56e132828372f949b168e8d98f189b99c7a134daf9ac4e1572
tealdeer,lto-fat_opt-3_panic-unwind,fat,3,unwind,debug,bench/origin/build/tealdeer/lto-fat_opt-3_panic-unwind/tldr.debug,8209800,7348a1fc993bb18bb77c0aabc7069d8593c7222f6aa735787ee58aac75a0771c
tealdeer,lto-fat_opt-3_panic-unwind,fat,3,unwind,stripped,bench/origin/build/tealdeer/lto-fat_opt-3_panic-unwind/tldr.stripped,3337400,0f51fa5a0178d7c8fe2fd830160a6d944428afd384cc2cda7b8cedb2b3cc6d63
tealdeer,lto-fat_opt-z_panic-abort,fat,z,abort,debug,bench/origin/build/tealdeer/lto-fat_opt-z_panic-abort/tldr.debug,5890752,18e291d2fc48c3841d1e47f88bf0a5e7bc14fe0eeadb444c8839d890f6ea5ca9
tealdeer,lto-fat_opt-z_panic-abort,fat,z,abort,stripped,bench/origin/build/tealdeer/lto-fat_opt-z_panic-abort/tldr.stripped,2450376,36d0ac3036182fb4e45bf080d5731f8d686de99f490b806e19a22c8bb352d505
tealdeer,lto-fat_opt-z_panic-unwind,fat,z,unwind,debug,bench/origin/build/tealdeer/lto-fat_opt-z_panic-unwind/tldr.debug,6218208,8fa1790d7e8c74d8983613d434aa1b86934ac2fe2fcaaff5707b690307607b02
tealdeer,lto-fat_opt-z_panic-unwind,fat,z,unwind,stripped,bench/origin/build/tealdeer/lto-fat_opt-z_panic-unwind/tldr.stripped,2689760,0d09f1539ed3902c0350529aee6d71ff4a62cd44becf85e2dea3c4945e181fb1
tealdeer,lto-thin_opt-3_panic-abort,thin,3,abort,debug,bench/origin/build/tealdeer/lto-thin_opt-3_panic-abort/tldr.debug,8680592,fbc684a32e3f25bb726fe47ebe774b33e317f067107c9ff5a8a5429e4c698d4a
tealdeer,lto-thin_opt-3_panic-abort,thin,3,abort,stripped,bench/origin/build/tealdeer/lto-thin_opt-3_panic-abort/tldr.stripped,3444592,a0fa495a2ed66beb6b0daeba73b38bb42be816259a667b16dc5ddc294b445187
tealdeer,lto-thin_opt-3_panic-unwind,thin,3,unwind,debug,bench/origin/build/tealdeer/lto-thin_opt-3_panic-unwind/tldr.debug,9154616,244b3e31fca271a055e7201e158dcfd6f1c31b6aa6799089725090cd5a51d39c
tealdeer,lto-thin_opt-3_panic-unwind,thin,3,unwind,stripped,bench/origin/build/tealdeer/lto-thin_opt-3_panic-unwind/tldr.stripped,3774472,e6c24697e5e5dcf7997992ca248196a01deb34ee3d12f2c6f7f27147b377f5db
tealdeer,lto-thin_opt-z_panic-abort,thin,z,abort,debug,bench/origin/build/tealdeer/lto-thin_opt-z_panic-abort/tldr.debug,7488520,83c692a26154d4e5be38b2264c5b9b0a946ef5b1623e417523b164534367d106
tealdeer,lto-thin_opt-z_panic-abort,thin,z,abort,stripped,bench/origin/build/tealdeer/lto-thin_opt-z_panic-abort/tldr.stripped,2968328,1ff9a0bb64ecee0cae0c1e87e45aa568cf220026a512ed48c8f31ecfe752e51c
tealdeer,lto-thin_opt-z_panic-unwind,thin,z,unwind,debug,bench/origin/build/tealdeer/lto-thin_opt-z_panic-unwind/tldr.debug,7859840,6d2af59c0ca289ef33783ec1b77ccfd44289f78465128eb1593d3c8499737004
tealdeer,lto-thin_opt-z_panic-unwind,thin,z,unwind,stripped,bench/origin/build/tealdeer/lto-thin_opt-z_panic-unwind/tldr.stripped,3207544,b99655d8d72f505b11bce88eee190f8c3d0d23f52a6c276cc548622f3e0b1f3c
tokei,lto-fat_opt-3_panic-abort,fat,3,abort,debug,bench/origin/build/tokei/lto-fat_opt-3_panic-abort/tokei.debug,6176904,5fdd7a180dcf13b40e11eb79ecb9b7b988c7a2048084b03ac62f71de710c62e3
tokei,lto-fat_opt-3_panic-abort,fat,3,abort,stripped,bench/origin/build/tokei/lto-fat_opt-3_panic-abort/tokei.stripped,3530584,7c2fe3bfe66441fa49c6cdc7578f3fddbcf14aefc9e1e9be43348bbf58c51bb2
tokei,lto-fat_opt-3_panic-unwind,fat,3,unwind,debug,bench/origin/build/tokei/lto-fat_opt-3_panic-unwind/tokei.debug,6624024,2846c830cdffbd49154dffd75b695390a1ca94affcc8db542108ff945128d2bb
tokei,lto-fat_opt-3_panic-unwind,fat,3,unwind,stripped,bench/origin/build/tokei/lto-fat_opt-3_panic-unwind/tokei.stripped,3815904,3ee405a845fda226561e954a0531050facb6c7a58465f287151bc94cb55bdcbb
tokei,lto-fat_opt-z_panic-abort,fat,z,abort,debug,bench/origin/build/tokei/lto-fat_opt-z_panic-abort/tokei.debug,5628968,76a38b6402946c8c70482a0a4cb8ea59734f1e3e5362c8037cfde2678a02c735
tokei,lto-fat_opt-z_panic-abort,fat,z,abort,stripped,bench/origin/build/tokei/lto-fat_opt-z_panic-abort/tokei.stripped,2825960,903ade8baa1e807beda1061720926a165cc7c3277ddb72e23c88db9c494b43a4
tokei,lto-fat_opt-z_panic-unwind,fat,z,unwind,debug,bench/origin/build/tokei/lto-fat_opt-z_panic-unwind/tokei.debug,5926896,7a130f8d8875a9149dc28f1c45d47da910dbb43ed0bdd21c467e529c234d7d8f
tokei,lto-fat_opt-z_panic-unwind,fat,z,unwind,stripped,bench/origin/build/tokei/lto-fat_opt-z_panic-unwind/tokei.stripped,2988544,1741f887e0189d2e761b050dd3a251488f057171b1d3a57b30842be755bfba7f
tokei,lto-thin_opt-3_panic-abort,thin,3,abort,debug,bench/origin/build/tokei/lto-thin_opt-3_panic-abort/tokei.debug,6779328,f5d72968ec6dfe2dd08dc98a4e3cf20f627f23878b0860de0bd05a9dbd2d1556
tokei,lto-thin_opt-3_panic-abort,thin,3,abort,stripped,bench/origin/build/tokei/lto-thin_opt-3_panic-abort/tokei.stripped,3769768,cc90fa974c8a65957b4c74b478f2d9605380cb16078b67d95c7e14c7e2102724
tokei,lto-thin_opt-3_panic-unwind,thin,3,unwind,debug,bench/origin/build/tokei/lto-thin_opt-3_panic-unwind/tokei.debug,7254400,dcf8060617c1589e80855ec59d644ccb1da166ea77bdd449c1a316a26c2d98a1
tokei,lto-thin_opt-3_panic-unwind,thin,3,unwind,stripped,bench/origin/build/tokei/lto-thin_opt-3_panic-unwind/tokei.stripped,4069752,dd247d68279ae7824c25aee72276d71132d3109e36c9d692cc54775cc5491072
tokei,lto-thin_opt-z_panic-abort,thin,z,abort,debug,bench/origin/build/tokei/lto-thin_opt-z_panic-abort/tokei.debug,7104088,62f895592f20b332c61cc5a4a4b9bf10b92979481d4553f7466f05bc14615ab3
tokei,lto-thin_opt-z_panic-abort,thin,z,abort,stripped,bench/origin/build/tokei/lto-thin_opt-z_panic-abort/tokei.stripped,3343976,8f8501177cefe92f60e7af2ff55da0e69addd516fc81c2e9820651f2ffe76a47
tokei,lto-thin_opt-z_panic-unwind,thin,z,unwind,debug,bench/origin/build/tokei/lto-thin_opt-z_panic-unwind/tokei.debug,7444928,37342065c4d6bbc451a4f9b14e0b75feb4bc721cf84078ff4ccda3731735f92c
tokei,lto-thin_opt-z_panic-unwind,thin,z,unwind,stripped,bench/origin/build/tokei/lto-thin_opt-z_panic-unwind/tokei.stripped,3511600,4fc2a0ec8142a9e97915a81a539afeb1d66b3d180ce17242c558697bf78d128b
topgrade,lto-fat_opt-3_panic-abort,fat,3,abort,debug,bench/origin/build/topgrade/lto-fat_opt-3_panic-abort/topgrade.debug,12215008,34ec9df16029096abb803024ea6403916f69842f3b217e206c21bc08234a9859
topgrade,lto-fat_opt-3_panic-abort,fat,3,abort,stripped,bench/origin/build/topgrade/lto-fat_opt-3_panic-abort/topgrade.stripped,8377160,94612a73f86cef8c719769a7ec16584004b6e4ce94a2aacdc157285cecfed89b
topgrade,lto-fat_opt-3_panic-unwind,fat,3,unwind,debug,bench/origin/build/topgrade/lto-fat_opt-3_panic-unwind/topgrade.debug,13273608,ac492c11f6c71ea5bae5da9456fce383c5371c927e0dba6960891c1faa420203
topgrade,lto-fat_opt-3_panic-unwind,fat,3,unwind,stripped,bench/origin/build/topgrade/lto-fat_opt-3_panic-unwind/topgrade.stripped,9114056,8d4ab7c841b69bf38b626f43db02dab7874ea3f37a4ce2b77f164a1a36c3362d
topgrade,lto-fat_opt-z_panic-abort,fat,z,abort,debug,bench/origin/build/topgrade/lto-fat_opt-z_panic-abort/topgrade.debug,9668552,17ae76b5a027628a5103aa53205f682b356503aa0a97730b327debccd61c5374
topgrade,lto-fat_opt-z_panic-abort,fat,z,abort,stripped,bench/origin/build/topgrade/lto-fat_opt-z_panic-abort/topgrade.stripped,5559240,61145ce88f1d7c77dc90b0ee93ae05a5f2f10c8cb1dcce18ffb02075abb75b9c
topgrade,lto-fat_opt-z_panic-unwind,fat,z,unwind,debug,bench/origin/build/topgrade/lto-fat_opt-z_panic-unwind/topgrade.debug,10630720,6de1941664abffa98dfbc1f4fbaa4d7240a4d5ad3807251b0f0c06b1b9d83f62
topgrade,lto-fat_opt-z_panic-unwind,fat,z,unwind,stripped,bench/origin/build/topgrade/lto-fat_opt-z_panic-unwind/topgrade.stripped,6273480,842511bed5deeb3474df21e088d090eb8174075f9586e2a2101f47694b8d9c8e
topgrade,lto-thin_opt-3_panic-abort,thin,3,abort,debug,bench/origin/build/topgrade/lto-thin_opt-3_panic-abort/topgrade.debug,13122312,3ac2d2a466c5134c17af1b4a9dcc628ac66bb12cce9ecf66e9274b6657ce8b51
topgrade,lto-thin_opt-3_panic-abort,thin,3,abort,stripped,bench/origin/build/topgrade/lto-thin_opt-3_panic-abort/topgrade.stripped,8709912,2554173e29d845dd2758985d184fe5fcf7d40a8ffe58b131483a1c73f115e986
topgrade,lto-thin_opt-3_panic-unwind,thin,3,unwind,debug,bench/origin/build/topgrade/lto-thin_opt-3_panic-unwind/topgrade.debug,14323064,17088c694c9e21e471941524d7753b1397859396a74b61d41eb5df15d78d61ee
topgrade,lto-thin_opt-3_panic-unwind,thin,3,unwind,stripped,bench/origin/build/topgrade/lto-thin_opt-3_panic-unwind/topgrade.stripped,9522584,4b0333b11fe0885aa972d665e508c2911dbb6fe63da5a91a004ce745a9ab1ddc
topgrade,lto-thin_opt-z_panic-abort,thin,z,abort,debug,bench/origin/build/topgrade/lto-thin_opt-z_panic-abort/topgrade.debug,12516040,a52bb51fdb40c7cc306dc5f1f43482b68975584aad7b91859f86802a07730810
topgrade,lto-thin_opt-z_panic-abort,thin,z,abort,stripped,bench/origin/build/topgrade/lto-thin_opt-z_panic-abort/topgrade.stripped,6478904,35cea7ab9cb05409b77c919c860aeea463e6a891d0c7ffbfc4456f96c39b7639
topgrade,lto-thin_opt-z_panic-unwind,thin,z,unwind,debug,bench/origin/build/topgrade/lto-thin_opt-z_panic-unwind/topgrade.debug,13640552,328777ededb20cc66ca3b7c16d08e56e335ee9e649d8c1f3b83266a44319a47d
topgrade,lto-thin_opt-z_panic-unwind,thin,z,unwind,stripped,bench/origin/build/topgrade/lto-thin_opt-z_panic-unwind/topgrade.stripped,7255352,ee1bfafd54250907b1f4a1ee394cb38a8b4558550e679af12ae4fff96e929e83
trippy,lto-fat_opt-3_panic-abort,fat,3,abort,debug,bench/origin/build/trippy/lto-fat_opt-3_panic-abort/trip.debug,10807656,2cb1514b2a989336bcb9caf2cd47a5ca8b11a2a7dd73625e202d51ecadf5b0fe
trippy,lto-fat_opt-3_panic-abort,fat,3,abort,stripped,bench/origin/build/trippy/lto-fat_opt-3_panic-abort/trip.stripped,7337248,954b71577bb410084f8199435864e5d1b4c1d0082a45b3273331e79df169a7fe
trippy,lto-fat_opt-3_panic-unwind,fat,3,unwind,debug,bench/origin/build/trippy/lto-fat_opt-3_panic-unwind/trip.debug,11679672,983940ada8fc9f49ec45a27cceb2dcae821662c48b6878b85d7f57e420c6174a
trippy,lto-fat_opt-3_panic-unwind,fat,3,unwind,stripped,bench/origin/build/trippy/lto-fat_opt-3_panic-unwind/trip.stripped,7946512,3f318ad39f204449182cb63068dfbd5e0ca143a943e43f63269c66d4a308b4e8
trippy,lto-fat_opt-z_panic-abort,fat,z,abort,debug,bench/origin/build/trippy/lto-fat_opt-z_panic-abort/trip.debug,9539928,2ad5372cf5eaeab3fc30ed145ad67909ff5aae83399f6798d9c9a299d70d6327
trippy,lto-fat_opt-z_panic-abort,fat,z,abort,stripped,bench/origin/build/trippy/lto-fat_opt-z_panic-abort/trip.stripped,5745872,bcc937670958337a1708465c3908ebf83e562f49a306d200a52ff807e441aa34
trippy,lto-fat_opt-z_panic-unwind,fat,z,unwind,debug,bench/origin/build/trippy/lto-fat_opt-z_panic-unwind/trip.debug,10167376,934547799f3faaf9561dad0cfd4cfb18c5f28abf6bb8334da007d421e44ebab5
trippy,lto-fat_opt-z_panic-unwind,fat,z,unwind,stripped,bench/origin/build/trippy/lto-fat_opt-z_panic-unwind/trip.stripped,6155768,bf4cf175d70144f49659fa92deed957930961fed2e3e3f7f040c8ee3b9e908c1
trippy,lto-thin_opt-3_panic-abort,thin,3,abort,debug,bench/origin/build/trippy/lto-thin_opt-3_panic-abort/trip.debug,11825328,5deebaaaace7b5fd9d029fa2fd59f8924aab473a92df2e3f7b7dc474385d008f
trippy,lto-thin_opt-3_panic-abort,thin,3,abort,stripped,bench/origin/build/trippy/lto-thin_opt-3_panic-abort/trip.stripped,7860576,437252e063986b600bcb629e025f522e2fbd962089d91ef8049af5c6c492cc17
trippy,lto-thin_opt-3_panic-unwind,thin,3,unwind,debug,bench/origin/build/trippy/lto-thin_opt-3_panic-unwind/trip.debug,12793032,f8d0d27aa3061ce190966dee46225defc61ff770a6052cc18e723e9ec34d7a78
trippy,lto-thin_opt-3_panic-unwind,thin,3,unwind,stripped,bench/origin/build/trippy/lto-thin_opt-3_panic-unwind/trip.stripped,8504984,cf31cca499f504172c2be811e151a88e52278469b3c8db3c457cbef6dee49585
trippy,lto-thin_opt-z_panic-abort,thin,z,abort,debug,bench/origin/build/trippy/lto-thin_opt-z_panic-abort/trip.debug,12598688,1ce94c24aa11db725c3cdf263779c30117e20e8802fe25c6ab2d7895ee80dce5
trippy,lto-thin_opt-z_panic-abort,thin,z,abort,stripped,bench/origin/build/trippy/lto-thin_opt-z_panic-abort/trip.stripped,6688728,3debd4a48d7da7a4491858ac395960690c7d44c9d9ebe9b55243fe728a73e1d6
trippy,lto-thin_opt-z_panic-unwind,thin,z,unwind,debug,bench/origin/build/trippy/lto-thin_opt-z_panic-unwind/trip.debug,13354376,8c0a49e258086654b354579c1a15c176e004968fbbf36e0581ea13af12a700a7
trippy,lto-thin_opt-z_panic-unwind,thin,z,unwind,stripped,bench/origin/build/trippy/lto-thin_opt-z_panic-unwind/trip.stripped,7141880,820acc9c979cd4b2a4a699eeabac319771543031ae51aee702533cb95841782c
typos,lto-fat_opt-3_panic-abort,fat,3,abort,debug,bench/origin/build/typos/lto-fat_opt-3_panic-abort/typos.debug,33325600,afecb9db43a8f9d49f0095c529d8dbb84d530d3556399c17688d0b8bf09d3772
typos,lto-fat_opt-3_panic-abort,fat,3,abort,stripped,bench/origin/build/typos/lto-fat_opt-3_panic-abort/typos.stripped,17227608,ee34f9853a61cfb9bb406fb42bbd091382bc7f1564f904344d9ae1f10a714195
typos,lto-fat_opt-3_panic-unwind,fat,3,unwind,debug,bench/origin/build/typos/lto-fat_opt-3_panic-unwind/typos.debug,34562784,f09ea3ae6f6e11b2a648da8bb77e5cfe596535b4b5e1e19542f24ea887052d43
typos,lto-fat_opt-3_panic-unwind,fat,3,unwind,stripped,bench/origin/build/typos/lto-fat_opt-3_panic-unwind/typos.stripped,17495264,0d9a2c258d53b87a509bd6ba01c0978f571c995c411e9019c2ce5eb72bd3563f
typos,lto-fat_opt-z_panic-abort,fat,z,abort,debug,bench/origin/build/typos/lto-fat_opt-z_panic-abort/typos.debug,27077272,1de72955ce53c026626f7e78431fd00d1677c38e906e5b8451ead819c6f42b10
typos,lto-fat_opt-z_panic-abort,fat,z,abort,stripped,bench/origin/build/typos/lto-fat_opt-z_panic-abort/typos.stripped,16111992,3057e531e00c81a9484d75e1039dabf6f8a882d457b6eb985dd928d408b6b73c
typos,lto-fat_opt-z_panic-unwind,fat,z,unwind,debug,bench/origin/build/typos/lto-fat_opt-z_panic-unwind/typos.debug,27912624,3bde1e54f99089e8deae7e4f217fbac0df44bfc90d95a3ce6262432e2a72a33a
typos,lto-fat_opt-z_panic-unwind,fat,z,unwind,stripped,bench/origin/build/typos/lto-fat_opt-z_panic-unwind/typos.stripped,16343536,9737da5dc660aae0af46d5e2a25a57b26932bed0ac1c5c0d931f5dc633528986
typos,lto-thin_opt-3_panic-abort,thin,3,abort,debug,bench/origin/build/typos/lto-thin_opt-3_panic-abort/typos.debug,50343584,c4ed665f4b57b2458d07d581b7e58f126071ba730994fc41bfd6c0aaea5314b4
typos,lto-thin_opt-3_panic-abort,thin,3,abort,stripped,bench/origin/build/typos/lto-thin_opt-3_panic-abort/typos.stripped,17486032,bfe84d0478c75b615dae4b0087ba8140c25f04c91aa90eb6d8b6d3770654efb7
typos,lto-thin_opt-3_panic-unwind,thin,3,unwind,debug,bench/origin/build/typos/lto-thin_opt-3_panic-unwind/typos.debug,51573472,fa8b5b22d80cae0b3ab09a07d6ef00b21b0ff71be149da7559f20706c12e7378
typos,lto-thin_opt-3_panic-unwind,thin,3,unwind,stripped,bench/origin/build/typos/lto-thin_opt-3_panic-unwind/typos.stripped,17774016,2da87a5af954e7752f8971f2540e2fbf12403ef10cdf234c9c7046e1e6edea61
typos,lto-thin_opt-z_panic-abort,thin,z,abort,debug,bench/origin/build/typos/lto-thin_opt-z_panic-abort/typos.debug,45614720,bd80a4f41eba23e2e08af8bb863a6aaa6a7486c8a4d4710de11cfc7a8dc7329d
typos,lto-thin_opt-z_panic-abort,thin,z,abort,stripped,bench/origin/build/typos/lto-thin_opt-z_panic-abort/typos.stripped,16742472,dc1c634f0a885ad180ab26f63d9c3f5069860a0ca7c8945f894d44372732fcbf
typos,lto-thin_opt-z_panic-unwind,thin,z,unwind,debug,bench/origin/build/typos/lto-thin_opt-z_panic-unwind/typos.debug,46426272,88f167cb645b2f49a75efa93b3d19aa809107a800cf2ed52e5e0b6a80e4a7f7f
typos,lto-thin_opt-z_panic-unwind,thin,z,unwind,stripped,bench/origin/build/typos/lto-thin_opt-z_panic-unwind/typos.stripped,16985920,b36b2df73f2191b64089e53f9d4ea9da8f24df87aa2a03c72de013355645342e
websocat,lto-fat_opt-3_panic-abort,fat,3,abort,debug,bench/origin/build/websocat/lto-fat_opt-3_panic-abort/websocat.debug,5874600,13c347ea63de68f6ecdbc2ad40272bdf7053f605d791463c5f25807c513f0908
websocat,lto-fat_opt-3_panic-abort,fat,3,abort,stripped,bench/origin/build/websocat/lto-fat_opt-3_panic-abort/websocat.stripped,2800184,1b63e43a1e12151ca35b0bdbb56a9bbefe3930b2704ea0757b799d84730bc4da
websocat,lto-fat_opt-3_panic-unwind,fat,3,unwind,debug,bench/origin/build/websocat/lto-fat_opt-3_panic-unwind/websocat.debug,6435056,9230ac43881a8a3d8e8c1949c66859899135758c1b5c68046216a7bbf3366924
websocat,lto-fat_opt-3_panic-unwind,fat,3,unwind,stripped,bench/origin/build/websocat/lto-fat_opt-3_panic-unwind/websocat.stripped,3168184,c9ba6975ed20bdd5830b3d77c3a5ed82d9557cec7cd01d250e7e7025caf3b28c
websocat,lto-fat_opt-z_panic-abort,fat,z,abort,debug,bench/origin/build/websocat/lto-fat_opt-z_panic-abort/websocat.debug,5335152,171da93de7cef8040d965d1dbc6f43b6e52db28bca09492bcd3ff9a9c3083183
websocat,lto-fat_opt-z_panic-abort,fat,z,abort,stripped,bench/origin/build/websocat/lto-fat_opt-z_panic-abort/websocat.stripped,2139320,f8f2e9c9fb1f5b1637a5f54727f47c2e4b43259c3653b712e19cae359cf64aee
websocat,lto-fat_opt-z_panic-unwind,fat,z,unwind,debug,bench/origin/build/websocat/lto-fat_opt-z_panic-unwind/websocat.debug,5739176,626985af87dbd26e1a6ccfb49935ac669ca290592ff3a5b5fbe69f8a7b2863a6
websocat,lto-fat_opt-z_panic-unwind,fat,z,unwind,stripped,bench/origin/build/websocat/lto-fat_opt-z_panic-unwind/websocat.stripped,2393144,b7e66eb62598644e37598114edebbd494fb66eebcf7a856bd3f6275a9bf486b3
websocat,lto-thin_opt-3_panic-abort,thin,3,abort,debug,bench/origin/build/websocat/lto-thin_opt-3_panic-abort/websocat.debug,6513080,d05ebf00a97121a0b56f71e76b958ec06dc90d0ccf9b58b34d5befea670a3875
websocat,lto-thin_opt-3_panic-abort,thin,3,abort,stripped,bench/origin/build/websocat/lto-thin_opt-3_panic-abort/websocat.stripped,3039024,71a0533881f47aedc42d260b053cb4a8a107bef7de4f09009ebc6c539e00961f
websocat,lto-thin_opt-3_panic-unwind,thin,3,unwind,debug,bench/origin/build/websocat/lto-thin_opt-3_panic-unwind/websocat.debug,7156648,d1f18b7ef17d85c69c2b93e1d82e07fe24fc63d18bceaac32e57cc5058d078f1
websocat,lto-thin_opt-3_panic-unwind,thin,3,unwind,stripped,bench/origin/build/websocat/lto-thin_opt-3_panic-unwind/websocat.stripped,3453488,8a362b7a8a47b7f7e7d8f92a2bab96add6d45b2d91aad1e01bb17c39830fdd10
websocat,lto-thin_opt-z_panic-abort,thin,z,abort,debug,bench/origin/build/websocat/lto-thin_opt-z_panic-abort/websocat.debug,6863704,dec47d166f3c7171577f2bf9c58ade1510fed8eeb1e9becf3a87428bcfe64f68
websocat,lto-thin_opt-z_panic-abort,thin,z,abort,stripped,bench/origin/build/websocat/lto-thin_opt-z_panic-abort/websocat.stripped,2630320,964e2d326e8a46257aba6af252d58750aa4bdfc52e63a66accf77a1ac06527b9
websocat,lto-thin_opt-z_panic-unwind,thin,z,unwind,debug,bench/origin/build/websocat/lto-thin_opt-z_panic-unwind/websocat.debug,7371464,2975149c8fd703af835d4b82b24dbc91a831db9037f935a2442ca0e419f3811e
websocat,lto-thin_opt-z_panic-unwind,thin,z,unwind,stripped,bench/origin/build/websocat/lto-thin_opt-z_panic-unwind/websocat.stripped,2924976,39942cec330289d19568cc66d9c0b8f337855b99f2929dd94dbf4c3edc89332b
wormhole-rs,lto-fat_opt-3_panic-abort,fat,3,abort,debug,bench/origin/build/wormhole-rs/lto-fat_opt-3_panic-abort/wormhole-rs.debug,10519976,7577ede8e765dd538b9d9bb99bf2ad9e5f1ba187f2a55995d2dcd292c1c7dc2f
wormhole-rs,lto-fat_opt-3_panic-abort,fat,3,abort,stripped,bench/origin/build/wormhole-rs/lto-fat_opt-3_panic-abort/wormhole-rs.stripped,7104312,5b05c82449f8607b5499c171146641291020298a1b9d9bd225cdd922f9576429
wormhole-rs,lto-fat_opt-3_panic-unwind,fat,3,unwind,debug,bench/origin/build/wormhole-rs/lto-fat_opt-3_panic-unwind/wormhole-rs.debug,11666792,1cf7b923b98319aa190d64d5c20eaf178fa3a37308172c05dcf059bc8a1f7175
wormhole-rs,lto-fat_opt-3_panic-unwind,fat,3,unwind,stripped,bench/origin/build/wormhole-rs/lto-fat_opt-3_panic-unwind/wormhole-rs.stripped,7922616,e4c8a72cb78cddd72bd7128c065c9d7747f1bdd83c42b61da591655144ea3071
wormhole-rs,lto-fat_opt-z_panic-abort,fat,z,abort,debug,bench/origin/build/wormhole-rs/lto-fat_opt-z_panic-abort/wormhole-rs.debug,9563936,a0a45be71808fcff1d78f630e985c7f963bb3ebd215336f4e9eaa818b838c612
wormhole-rs,lto-fat_opt-z_panic-abort,fat,z,abort,stripped,bench/origin/build/wormhole-rs/lto-fat_opt-z_panic-abort/wormhole-rs.stripped,5687728,a845abf877a4bcb01f33ced6d15b8ac11544e9cf2a84bee59d97c521a3b1ad45
wormhole-rs,lto-fat_opt-z_panic-unwind,fat,z,unwind,debug,bench/origin/build/wormhole-rs/lto-fat_opt-z_panic-unwind/wormhole-rs.debug,10317640,d81b205f8e0598a96d6df69d3b64042aabba4195c0297e06e3e9070fe3d1affc
wormhole-rs,lto-fat_opt-z_panic-unwind,fat,z,unwind,stripped,bench/origin/build/wormhole-rs/lto-fat_opt-z_panic-unwind/wormhole-rs.stripped,6188344,2a156aa170a7489396b6d751e0802cd865a5d3e81a759e1e1083cf8782774592
wormhole-rs,lto-thin_opt-3_panic-abort,thin,3,abort,debug,bench/origin/build/wormhole-rs/lto-thin_opt-3_panic-abort/wormhole-rs.debug,11616752,9d4b75aa6b4c3d2d55e4a3696839b1882952050897b96e1d3bb6085fbb122409
wormhole-rs,lto-thin_opt-3_panic-abort,thin,3,abort,stripped,bench/origin/build/wormhole-rs/lto-thin_opt-3_panic-abort/wormhole-rs.stripped,7571040,ad79bb382e81ae6c00aa02553715fab4ac61b738c52f9a7846a297d53e551bae
wormhole-rs,lto-thin_opt-3_panic-unwind,thin,3,unwind,debug,bench/origin/build/wormhole-rs/lto-thin_opt-3_panic-unwind/wormhole-rs.debug,12864008,4961d88318cef8eb3d7f5eb01a7efcc01cb9364fbde06f5fec0343cad49292f4
wormhole-rs,lto-thin_opt-3_panic-unwind,thin,3,unwind,stripped,bench/origin/build/wormhole-rs/lto-thin_opt-3_panic-unwind/wormhole-rs.stripped,8421728,f6795d33527bdde0b16d5c8bf4b4d088a0a04db804596afef4679a1ebe43b8b4
wormhole-rs,lto-thin_opt-z_panic-abort,thin,z,abort,debug,bench/origin/build/wormhole-rs/lto-thin_opt-z_panic-abort/wormhole-rs.debug,12782456,d37a1607380712d60b09f3a3d988e0e796825ec8864fb1c7441715cac9038e91
wormhole-rs,lto-thin_opt-z_panic-abort,thin,z,abort,stripped,bench/origin/build/wormhole-rs/lto-thin_opt-z_panic-abort/wormhole-rs.stripped,6761576,2565f932fd700baf26326162159ebc4dd4b7f81b1bdeb1076282d949d5e6b7e7
wormhole-rs,lto-thin_opt-z_panic-unwind,thin,z,unwind,debug,bench/origin/build/wormhole-rs/lto-thin_opt-z_panic-unwind/wormhole-rs.debug,13703800,03922aa654ece575316320f6c00564223ca7530827d8d486fb7df47c56715702
wormhole-rs,lto-thin_opt-z_panic-unwind,thin,z,unwind,stripped,bench/origin/build/wormhole-rs/lto-thin_opt-z_panic-unwind/wormhole-rs.stripped,7310304,470d7690af10bcf14135c5361326227758128efa59582b08951871ce4ddccde6
xh,lto-fat_opt-3_panic-abort,fat,3,abort,debug,bench/origin/build/xh/lto-fat_opt-3_panic-abort/xh.debug,13306944,82b80b3e6cb6c6e1a9cef8f3c70dad2e30c443c3182065f3e235795adba38ee9
xh,lto-fat_opt-3_panic-abort,fat,3,abort,stripped,bench/origin/build/xh/lto-fat_opt-3_panic-abort/xh.stripped,9799176,db739953ac84ed5d2fe3bf95fdcf72e53a84016938901a9d8bd6b6413e908f37
xh,lto-fat_opt-3_panic-unwind,fat,3,unwind,debug,bench/origin/build/xh/lto-fat_opt-3_panic-unwind/xh.debug,14330992,19ce7960c9e0965e96e080816e801c84396c61cc95c64d79d363d6f2dab007f1
xh,lto-fat_opt-3_panic-unwind,fat,3,unwind,stripped,bench/origin/build/xh/lto-fat_opt-3_panic-unwind/xh.stripped,10546120,c996998ecab83a4a6de23b8a9a58e456228b5281abcabd68b0b378b6eda9c188
xh,lto-fat_opt-z_panic-abort,fat,z,abort,debug,bench/origin/build/xh/lto-fat_opt-z_panic-abort/xh.debug,11885984,fc91c259f98970b606c1bc257af07394fa3f2d392d94535c495f5489ba0bd250
xh,lto-fat_opt-z_panic-abort,fat,z,abort,stripped,bench/origin/build/xh/lto-fat_opt-z_panic-abort/xh.stripped,7933192,04045b996592a20b969af1f4513c7c92836047f8157d35cf1042bc92e16f6610
xh,lto-fat_opt-z_panic-unwind,fat,z,unwind,debug,bench/origin/build/xh/lto-fat_opt-z_panic-unwind/xh.debug,12658344,88de7edb6e5cfac781dc333579eda73e306fe7c0a52b6f5e13464bd6053cec41
xh,lto-fat_opt-z_panic-unwind,fat,z,unwind,stripped,bench/origin/build/xh/lto-fat_opt-z_panic-unwind/xh.stripped,8453896,3188bc52f4958b1b441468b2e4fca9f28d6d0ceca2d765daa1a54f9d49ca56a7
xh,lto-thin_opt-3_panic-abort,thin,3,abort,debug,bench/origin/build/xh/lto-thin_opt-3_panic-abort/xh.debug,14457664,63fb2cbd462bd18b7a5f9bd2a06ee0fad986e7bef2478cf8bb42b378219f947d
xh,lto-thin_opt-3_panic-abort,thin,3,abort,stripped,bench/origin/build/xh/lto-thin_opt-3_panic-abort/xh.stripped,10355720,19a84aef887c6026746a0e368ef9696728e00c943136ca80057e1f3f50569e92
xh,lto-thin_opt-3_panic-unwind,thin,3,unwind,debug,bench/origin/build/xh/lto-thin_opt-3_panic-unwind/xh.debug,15576696,29187ef9288744853fc1fdd7e87f7a3a2d9d39d77708cd51a9eb1bea9977a84f
xh,lto-thin_opt-3_panic-unwind,thin,3,unwind,stripped,bench/origin/build/xh/lto-thin_opt-3_panic-unwind/xh.stripped,11144040,6f140604ff1058e34fcbb4aadf48355bf1622347ece95ba89e154270cb511180
xh,lto-thin_opt-z_panic-abort,thin,z,abort,debug,bench/origin/build/xh/lto-thin_opt-z_panic-abort/xh.debug,14927472,d762205e3c91a51ff709cde68766ff23f82aafe46e571ddec6008e125b659058
xh,lto-thin_opt-z_panic-abort,thin,z,abort,stripped,bench/origin/build/xh/lto-thin_opt-z_panic-abort/xh.stripped,8941864,f6949bb389d25b34c9a8bfcd51c6dacb59c4468908d2efdf71367c8c2930b2f2
xh,lto-thin_opt-z_panic-unwind,thin,z,unwind,debug,bench/origin/build/xh/lto-thin_opt-z_panic-unwind/xh.debug,15782088,941460f0fc2e979aeea2cbb99e5a9205152a211e995a0b533ec1615a299916e3
xh,lto-thin_opt-z_panic-unwind,thin,z,unwind,stripped,bench/origin/build/xh/lto-thin_opt-z_panic-unwind/xh.stripped,9478280,1d2fec221e6b015638ac011a7fbe1543d539968fe618503f54ef6c7d3598a716
xsv,lto-fat_opt-3_panic-abort,fat,3,abort,debug,bench/origin/build/xsv/lto-fat_opt-3_panic-abort/xsv.debug,20819800,8d7f40638dffc7fc9512ed21b937a6bd7c6fa0a72213e2796c34064733f22d83
xsv,lto-fat_opt-3_panic-abort,fat,3,abort,stripped,bench/origin/build/xsv/lto-fat_opt-3_panic-abort/xsv.stripped,2021920,959c4524f5b9891f5946f6bc8554c7e2a45de39a0941be828472e6a8f9e98fdf
xsv,lto-fat_opt-3_panic-unwind,fat,3,unwind,debug,bench/origin/build/xsv/lto-fat_opt-3_panic-unwind/xsv.debug,22491432,8ef81ec9d8b6978a3c4508e2b782d3ddeb4f11899f76edff75f14146c9421744
xsv,lto-fat_opt-3_panic-unwind,fat,3,unwind,stripped,bench/origin/build/xsv/lto-fat_opt-3_panic-unwind/xsv.stripped,2200776,cdeb7bbe68ecb0d70164ad78643dede7cfb5ea14b8d1dff07135f987a8504f17
xsv,lto-fat_opt-z_panic-abort,fat,z,abort,debug,bench/origin/build/xsv/lto-fat_opt-z_panic-abort/xsv.debug,13303968,68d2db3e28d293a03a5fea6baf5e9c8efe8054cdfc75bde1e824c826f288ebd8
xsv,lto-fat_opt-z_panic-abort,fat,z,abort,stripped,bench/origin/build/xsv/lto-fat_opt-z_panic-abort/xsv.stripped,1546760,ac874afbabf349e26874b66dc164f261c1add5652d71cc341c5728f5324c0ae8
xsv,lto-fat_opt-z_panic-unwind,fat,z,unwind,debug,bench/origin/build/xsv/lto-fat_opt-z_panic-unwind/xsv.debug,14087632,c3363afc0daee18481a535d12749a56b752ed98ff6688f1c75e8e134ae168082
xsv,lto-fat_opt-z_panic-unwind,fat,z,unwind,stripped,bench/origin/build/xsv/lto-fat_opt-z_panic-unwind/xsv.stripped,1673808,5bde8ac59c92922d20ea03c3cdf3ce341b8790eea0e1710f1a0facdf1034bc5a
xsv,lto-thin_opt-3_panic-abort,thin,3,abort,debug,bench/origin/build/xsv/lto-thin_opt-3_panic-abort/xsv.debug,21684656,8f776fad7e86ea581f7d2b696439966a6f25ab4e8f7a78421363154a98b0c284
xsv,lto-thin_opt-3_panic-abort,thin,3,abort,stripped,bench/origin/build/xsv/lto-thin_opt-3_panic-abort/xsv.stripped,2079744,a93fe44609c499b5053777704acdbf334699e8d2b9ad65f64c04d3ea9fa72add
xsv,lto-thin_opt-3_panic-unwind,thin,3,unwind,debug,bench/origin/build/xsv/lto-thin_opt-3_panic-unwind/xsv.debug,23235024,7c783525a9855865dba6e0286e61b6c339603929c29946aff7d3094658b253e7
xsv,lto-thin_opt-3_panic-unwind,thin,3,unwind,stripped,bench/origin/build/xsv/lto-thin_opt-3_panic-unwind/xsv.stripped,2255480,19868312c76996c0e0c154154b94827fad1ab786bb30e5713d3e05a6866bc00f
xsv,lto-thin_opt-z_panic-abort,thin,z,abort,debug,bench/origin/build/xsv/lto-thin_opt-z_panic-abort/xsv.debug,14341288,3d37a411954ee13a4571c44786035a47b4391a7e855e4d0066537849283cff5f
xsv,lto-thin_opt-z_panic-abort,thin,z,abort,stripped,bench/origin/build/xsv/lto-thin_opt-z_panic-abort/xsv.stripped,1708904,88746f6bf5e369164765743901929a9b90a81fa1835e158d2590f68371f6c537
xsv,lto-thin_opt-z_panic-unwind,thin,z,unwind,debug,bench/origin/build/xsv/lto-thin_opt-z_panic-unwind/xsv.debug,15106048,f9067064271aeb9f51913c52ad2ee54f1b03e9418591dc048c76a53f723661cd
xsv,lto-thin_opt-z_panic-unwind,thin,z,unwind,stripped,bench/origin/build/xsv/lto-thin_opt-z_panic-unwind/xsv.stripped,1834432,3e19fbb97356e10a19a202406076874d6829025e9a1a25ea051f280a7704c410
zellij,lto-fat_opt-3_panic-abort,fat,3,abort,debug,bench/origin/build/zellij/lto-fat_opt-3_panic-abort/zellij.debug,54974144,b0d1723e88d21d1e633551865ec7bd033ec35c2db1d97c98a90423fe79821693
zellij,lto-fat_opt-3_panic-abort,fat,3,abort,stripped,bench/origin/build/zellij/lto-fat_opt-3_panic-abort/zellij.stripped,48947872,dc6ab81fa428d733bb97e82c3b00f191c2cb5743fa2cbe684e75a18b9b31f831
zellij,lto-fat_opt-3_panic-unwind,fat,3,unwind,debug,bench/origin/build/zellij/lto-fat_opt-3_panic-unwind/zellij.debug,59972128,29be5a24d0104f8fd3662102e0373a4e8563107bdfbd117d26f0e05e8cdd454e
zellij,lto-fat_opt-3_panic-unwind,fat,3,unwind,stripped,bench/origin/build/zellij/lto-fat_opt-3_panic-unwind/zellij.stripped,53139456,3a15b1023515887b5e7cc5bddbdc757ac54a34935c45542bcc2767a470f07861
zellij,lto-fat_opt-z_panic-abort,fat,z,abort,debug,bench/origin/build/zellij/lto-fat_opt-z_panic-abort/zellij.debug,48056128,a02f3814b60ff2c65ed824a84464e0a3f806f2de3f27140db11929887504d05a
zellij,lto-fat_opt-z_panic-abort,fat,z,abort,stripped,bench/origin/build/zellij/lto-fat_opt-z_panic-abort/zellij.stripped,41254048,c84a3a662e69e4560b02166d105a5662b6e0b7a67d1420f3135e45850b9a8d54
zellij,lto-fat_opt-z_panic-unwind,fat,z,unwind,debug,bench/origin/build/zellij/lto-fat_opt-z_panic-unwind/zellij.debug,52086120,1afa82f8afdcb2bd76db5f54ef20a7068140fe8884b10857900c145d66d37cca
zellij,lto-fat_opt-z_panic-unwind,fat,z,unwind,stripped,bench/origin/build/zellij/lto-fat_opt-z_panic-unwind/zellij.stripped,44646720,f6851cc6ab97015eec105ac0aa463c95a7ee340edbb6157a1fc9ea243f8c0463
zellij,lto-thin_opt-3_panic-abort,thin,3,abort,debug,bench/origin/build/zellij/lto-thin_opt-3_panic-abort/zellij.debug,57312464,a0c38794e2807e27120ec77e339561e6bc774b342225b39b781bdddec5247da9
zellij,lto-thin_opt-3_panic-abort,thin,3,abort,stripped,bench/origin/build/zellij/lto-thin_opt-3_panic-abort/zellij.stripped,50352064,f2aa7d7962f0e2ff5454c472f4127d1d84aa9b5afdfc976d852577463fe57e70
zellij,lto-thin_opt-3_panic-unwind,thin,3,unwind,debug,bench/origin/build/zellij/lto-thin_opt-3_panic-unwind/zellij.debug,62632368,7df11d5bfcc7e5e9f0862dba8a61d2b941dbcfc3e12f84391a7ad256ca825ec0
zellij,lto-thin_opt-3_panic-unwind,thin,3,unwind,stripped,bench/origin/build/zellij/lto-thin_opt-3_panic-unwind/zellij.stripped,54730464,ca6b8be26f2817980bae5ff244927f0f1237cbdb6c26c38353227268d55554a6
zellij,lto-thin_opt-z_panic-abort,thin,z,abort,debug,bench/origin/build/zellij/lto-thin_opt-z_panic-abort/zellij.debug,55970120,972ee6dd8c1010f38016bcf422002c7f9b939f25fb7c8bb469a20ed1f1cdf141
zellij,lto-thin_opt-z_panic-abort,thin,z,abort,stripped,bench/origin/build/zellij/lto-thin_opt-z_panic-abort/zellij.stripped,44600384,a901b704e9d289f9b5aafbaff3990a3c84a86c386bfcaca7cfc867d84863952a
zellij,lto-thin_opt-z_panic-unwind,thin,z,unwind,debug,bench/origin/build/zellij/lto-thin_opt-z_panic-unwind/zellij.debug,60077232,7eff7fadc63cc8bf79a35f2fa0c956789789e49446132fafdb5a3ea76fa8e55b
zellij,lto-thin_opt-z_panic-unwind,thin,z,unwind,stripped,bench/origin/build/zellij/lto-thin_opt-z_panic-unwind/zellij.stripped,47812576,9534e66ea96540da4388fd6f892f50d37945c469056416e09632f59f8c69d7b7
zoxide,lto-fat_opt-3_panic-abort,fat,3,abort,debug,bench/origin/build/zoxide/lto-fat_opt-3_panic-abort/zoxide.debug,3494216,b61d84c2572083a4989eeafeec696b407edd5f50476af85bcdca728250866396
zoxide,lto-fat_opt-3_panic-abort,fat,3,abort,stripped,bench/origin/build/zoxide/lto-fat_opt-3_panic-abort/zoxide.stripped,1031264,589a78784460d5d92ebadedb978b9129b562200f15ca2be9eb0f9460167e9c66
zoxide,lto-fat_opt-3_panic-unwind,fat,3,unwind,debug,bench/origin/build/zoxide/lto-fat_opt-3_panic-unwind/zoxide.debug,3628696,32a45263e7542b4fd2beb82dc6a302cdaa1782278a2eb1c9ab5bf4e9f8657fc1
zoxide,lto-fat_opt-3_panic-unwind,fat,3,unwind,stripped,bench/origin/build/zoxide/lto-fat_opt-3_panic-unwind/zoxide.stripped,1135416,7b71fbdf0e4eb5576cc7f6159d25c0c3b94662663e0a47992481bc7796b9ddff
zoxide,lto-fat_opt-z_panic-abort,fat,z,abort,debug,bench/origin/build/zoxide/lto-fat_opt-z_panic-abort/zoxide.debug,3207736,77e5c46000c6ccb6c5dcb8e52d653065c504c2eee26b7664789cc1858fd88e48
zoxide,lto-fat_opt-z_panic-abort,fat,z,abort,stripped,bench/origin/build/zoxide/lto-fat_opt-z_panic-abort/zoxide.stripped,814880,cc5eb3ed83da7c04cd779f376156b78c4688941e4c534fa1b739e2403db07659
zoxide,lto-fat_opt-z_panic-unwind,fat,z,unwind,debug,bench/origin/build/zoxide/lto-fat_opt-z_panic-unwind/zoxide.debug,3302544,920c6beb5507a951c46bd29d281f09764c2cab7fe6d7cb249a4e1a6354abdfc3
zoxide,lto-fat_opt-z_panic-unwind,fat,z,unwind,stripped,bench/origin/build/zoxide/lto-fat_opt-z_panic-unwind/zoxide.stripped,877512,450d9e37574e394f595ab1d31c01ba9d2f89b751f0b7118974cddbba82853d77
zoxide,lto-thin_opt-3_panic-abort,thin,3,abort,debug,bench/origin/build/zoxide/lto-thin_opt-3_panic-abort/zoxide.debug,3847912,0dd18f4c658b2717ca1a579214c64fa9c896ede97d9b4b4784cdcaeeda8a35f4
zoxide,lto-thin_opt-3_panic-abort,thin,3,abort,stripped,bench/origin/build/zoxide/lto-thin_opt-3_panic-abort/zoxide.stripped,1092144,a3717e4760b1c8b0c16e8d9416ce6fc4070042df4cc961e3856ea6278ff47e22
zoxide,lto-thin_opt-3_panic-unwind,thin,3,unwind,debug,bench/origin/build/zoxide/lto-thin_opt-3_panic-unwind/zoxide.debug,3992824,63e61e619c95f59231d2304c41e5cd9fa1e18f7df6e6ab048abb64ac79c2541e
zoxide,lto-thin_opt-3_panic-unwind,thin,3,unwind,stripped,bench/origin/build/zoxide/lto-thin_opt-3_panic-unwind/zoxide.stripped,1195880,34f88982b9d7c19d4828bfece52269ff86478d31265171e0caf751300d0ed4fb
zoxide,lto-thin_opt-z_panic-abort,thin,z,abort,debug,bench/origin/build/zoxide/lto-thin_opt-z_panic-abort/zoxide.debug,3761704,df01472fbf58317244be1d9f82474991a9ad3a3cb56a2b473c3f4f083148707c
zoxide,lto-thin_opt-z_panic-abort,thin,z,abort,stripped,bench/origin/build/zoxide/lto-thin_opt-z_panic-abort/zoxide.stripped,928040,be129a9670b2602f590f693897284bc370611ae6b405ee30b9425638411b8683
zoxide,lto-thin_opt-z_panic-unwind,thin,z,unwind,debug,bench/origin/build/zoxide/lto-thin_opt-z_panic-unwind/zoxide.debug,3864880,0994cf0d221920505f8db6b0ed992e072aa2e32dba8a6d80a9efc51ed1406dc4
zoxide,lto-thin_opt-z_panic-unwind,thin,z,unwind,stripped,bench/origin/build/zoxide/lto-thin_opt-z_panic-unwind/zoxide.stripped,989184,3eec1496f69fd813a1ee588a85097a099dce748d3bcf049ef40569f201e8ab5f
