crate,config,lto,opt,panic,rule,n_fdes,n_gt_known,n_gt_excluded_unknown_or_conflict,coverage,ambiguous_fraction,predicted_author,predicted_dep,actual_author,actual_workspace,actual_dep,actual_std,tp_author,tp_dep,precision_author,precision_dep,recall_author_excl,recall_author_ambig_err,recall_dep_excl,recall_dep_ambig_err
hexyl,lto-fat_opt-3_panic-abort,fat,3,abort,A@1,1173,1107,66,0.22250639386189258,0.0,5,256,52,0,348,707,5,84,1.0,0.328125,0.09615384615384616,0.09615384615384616,0.2413793103448276,0.2413793103448276
hexyl,lto-fat_opt-3_panic-abort,fat,3,abort,A@2,1173,1107,66,0.22250639386189258,0.0034100596760443308,1,256,52,0,348,707,1,84,1.0,0.328125,0.020833333333333332,0.019230769230769232,0.2413793103448276,0.2413793103448276
hexyl,lto-fat_opt-3_panic-abort,fat,3,abort,A@3,1173,1107,66,0.22250639386189258,0.004262574595055414,0,256,52,0,348,707,0,84,,0.328125,0.0,0.0,0.2413793103448276,0.2413793103448276
hexyl,lto-fat_opt-3_panic-abort,fat,3,abort,A@4,1173,1107,66,0.22250639386189258,0.004262574595055414,0,256,52,0,348,707,0,84,,0.328125,0.0,0.0,0.2413793103448276,0.2413793103448276
hexyl,lto-fat_opt-3_panic-abort,fat,3,abort,A@5,1173,1107,66,0.22250639386189258,0.004262574595055414,0,256,52,0,348,707,0,84,,0.328125,0.0,0.0,0.2413793103448276,0.2413793103448276
hexyl,lto-fat_opt-3_panic-abort,fat,3,abort,A@6,1173,1107,66,0.22250639386189258,0.004262574595055414,0,256,52,0,348,707,0,84,,0.328125,0.0,0.0,0.2413793103448276,0.2413793103448276
hexyl,lto-fat_opt-3_panic-abort,fat,3,abort,B@1,1173,1107,66,0.22250639386189258,0.0,10,251,52,0,348,707,10,84,1.0,0.3346613545816733,0.19230769230769232,0.19230769230769232,0.2413793103448276,0.2413793103448276
hexyl,lto-fat_opt-3_panic-abort,fat,3,abort,B@2,1173,1107,66,0.22250639386189258,0.005967604433077579,3,251,52,0,348,707,3,84,1.0,0.3346613545816733,0.06666666666666667,0.057692307692307696,0.2413793103448276,0.2413793103448276
hexyl,lto-fat_opt-3_panic-abort,fat,3,abort,B@3,1173,1107,66,0.22250639386189258,0.0068201193520886615,2,251,52,0,348,707,2,84,1.0,0.3346613545816733,0.045454545454545456,0.038461538461538464,0.2413793103448276,0.2413793103448276
hexyl,lto-fat_opt-3_panic-abort,fat,3,abort,B@4,1173,1107,66,0.22250639386189258,0.008525149190110827,0,251,52,0,348,707,0,84,,0.3346613545816733,0.0,0.0,0.2413793103448276,0.2413793103448276
hexyl,lto-fat_opt-3_panic-abort,fat,3,abort,B@5,1173,1107,66,0.22250639386189258,0.008525149190110827,0,251,52,0,348,707,0,84,,0.3346613545816733,0.0,0.0,0.2413793103448276,0.2413793103448276
hexyl,lto-fat_opt-3_panic-abort,fat,3,abort,B@6,1173,1107,66,0.22250639386189258,0.008525149190110827,0,251,52,0,348,707,0,84,,0.3346613545816733,0.0,0.0,0.2413793103448276,0.2413793103448276
hexyl,lto-fat_opt-3_panic-abort,fat,3,abort,C@0.10,1173,1107,66,0.22250639386189258,0.0,11,250,52,0,348,707,11,84,1.0,0.336,0.21153846153846154,0.21153846153846154,0.2413793103448276,0.2413793103448276
hexyl,lto-fat_opt-3_panic-abort,fat,3,abort,C@0.20,1173,1107,66,0.22250639386189258,0.0,11,250,52,0,348,707,11,84,1.0,0.336,0.21153846153846154,0.21153846153846154,0.2413793103448276,0.2413793103448276
hexyl,lto-fat_opt-3_panic-abort,fat,3,abort,C@0.30,1173,1107,66,0.22250639386189258,0.0,10,251,52,0,348,707,10,84,1.0,0.3346613545816733,0.19230769230769232,0.19230769230769232,0.2413793103448276,0.2413793103448276
hexyl,lto-fat_opt-3_panic-abort,fat,3,abort,C@0.40,1173,1107,66,0.22250639386189258,0.0,10,251,52,0,348,707,10,84,1.0,0.3346613545816733,0.19230769230769232,0.19230769230769232,0.2413793103448276,0.2413793103448276
hexyl,lto-fat_opt-3_panic-abort,fat,3,abort,C@0.50,1173,1107,66,0.22250639386189258,0.0,10,251,52,0,348,707,10,84,1.0,0.3346613545816733,0.19230769230769232,0.19230769230769232,0.2413793103448276,0.2413793103448276
hexyl,lto-fat_opt-3_panic-abort,fat,3,abort,C@0.60,1173,1107,66,0.22250639386189258,0.0,7,254,52,0,348,707,7,84,1.0,0.33070866141732286,0.1346153846153846,0.1346153846153846,0.2413793103448276,0.2413793103448276
hexyl,lto-fat_opt-3_panic-abort,fat,3,abort,C@0.70,1173,1107,66,0.22250639386189258,0.0,7,254,52,0,348,707,7,84,1.0,0.33070866141732286,0.1346153846153846,0.1346153846153846,0.2413793103448276,0.2413793103448276
hexyl,lto-fat_opt-3_panic-abort,fat,3,abort,C@0.80,1173,1107,66,0.22250639386189258,0.0,5,256,52,0,348,707,5,84,1.0,0.328125,0.09615384615384616,0.09615384615384616,0.2413793103448276,0.2413793103448276
hexyl,lto-fat_opt-3_panic-abort,fat,3,abort,C@0.90,1173,1107,66,0.22250639386189258,0.0,5,256,52,0,348,707,5,84,1.0,0.328125,0.09615384615384616,0.09615384615384616,0.2413793103448276,0.2413793103448276
hexyl,lto-fat_opt-3_panic-unwind,fat,3,unwind,A@1,1289,1221,68,0.2125678820791311,0.0,3,271,56,0,372,793,3,95,1.0,0.3505535055350554,0.05357142857142857,0.05357142857142857,0.2553763440860215,0.2553763440860215
hexyl,lto-fat_opt-3_panic-unwind,fat,3,unwind,A@2,1289,1221,68,0.2125678820791311,0.0015515903801396431,1,271,56,0,372,793,1,95,1.0,0.3505535055350554,0.018518518518518517,0.017857142857142856,0.2553763440860215,0.2553763440860215
hexyl,lto-fat_opt-3_panic-unwind,fat,3,unwind,A@3,1289,1221,68,0.2125678820791311,0.0023273855702094647,0,271,56,0,372,793,0,95,,0.3505535055350554,0.0,0.0,0.2553763440860215,0.2553763440860215
hexyl,lto-fat_opt-3_panic-unwind,fat,3,unwind,A@4,1289,1221,68,0.2125678820791311,0.0023273855702094647,0,271,56,0,372,793,0,95,,0.3505535055350554,0.0,0.0,0.2553763440860215,0.2553763440860215
hexyl,lto-fat_opt-3_panic-unwind,fat,3,unwind,A@5,1289,1221,68,0.2125678820791311,0.0023273855702094647,0,271,56,0,372,793,0,95,,0.3505535055350554,0.0,0.0,0.2553763440860215,0.2553763440860215
hexyl,lto-fat_opt-3_panic-unwind,fat,3,unwind,A@6,1289,1221,68,0.2125678820791311,0.0023273855702094647,0,271,56,0,372,793,0,95,,0.3505535055350554,0.0,0.0,0.2553763440860215,0.2553763440860215
hexyl,lto-fat_opt-3_panic-unwind,fat,3,unwind,B@1,1289,1221,68,0.2125678820791311,0.0,14,260,56,0,372,793,10,95,0.7142857142857143,0.36538461538461536,0.17857142857142858,0.17857142857142858,0.2553763440860215,0.2553763440860215
hexyl,lto-fat_opt-3_panic-unwind,fat,3,unwind,B@2,1289,1221,68,0.2125678820791311,0.008533747090768037,3,260,56,0,372,793,3,95,1.0,0.36538461538461536,0.061224489795918366,0.05357142857142857,0.2553763440860215,0.2553763440860215
hexyl,lto-fat_opt-3_panic-unwind,fat,3,unwind,B@3,1289,1221,68,0.2125678820791311,0.009309542280837859,2,260,56,0,372,793,2,95,1.0,0.36538461538461536,0.041666666666666664,0.03571428571428571,0.2553763440860215,0.2553763440860215
hexyl,lto-fat_opt-3_panic-unwind,fat,3,unwind,B@4,1289,1221,68,0.2125678820791311,0.010861132660977503,0,260,56,0,372,793,0,95,,0.36538461538461536,0.0,0.0,0.2553763440860215,0.2553763440860215
hexyl,lto-fat_opt-3_panic-unwind,fat,3,unwind,B@5,1289,1221,68,0.2125678820791311,0.010861132660977503,0,260,56,0,372,793,0,95,,0.36538461538461536,0.0,0.0,0.2553763440860215,0.2553763440860215
hexyl,lto-fat_opt-3_panic-unwind,fat,3,unwind,B@6,1289,1221,68,0.2125678820791311,0.010861132660977503,0,260,56,0,372,793,0,95,,0.36538461538461536,0.0,0.0,0.2553763440860215,0.2553763440860215
hexyl,lto-fat_opt-3_panic-unwind,fat,3,unwind,C@0.10,1289,1221,68,0.2125678820791311,0.0,15,259,56,0,372,793,11,95,0.7333333333333333,0.3667953667953668,0.19642857142857142,0.19642857142857142,0.2553763440860215,0.2553763440860215
hexyl,lto-fat_opt-3_panic-unwind,fat,3,unwind,C@0.20,1289,1221,68,0.2125678820791311,0.0,15,259,56,0,372,793,11,95,0.7333333333333333,0.3667953667953668,0.19642857142857142,0.19642857142857142,0.2553763440860215,0.2553763440860215
hexyl,lto-fat_opt-3_panic-unwind,fat,3,unwind,C@0.30,1289,1221,68,0.2125678820791311,0.0,14,260,56,0,372,793,10,95,0.7142857142857143,0.36538461538461536,0.17857142857142858,0.17857142857142858,0.2553763440860215,0.2553763440860215
hexyl,lto-fat_opt-3_panic-unwind,fat,3,unwind,C@0.40,1289,1221,68,0.2125678820791311,0.0,14,260,56,0,372,793,10,95,0.7142857142857143,0.36538461538461536,0.17857142857142858,0.17857142857142858,0.2553763440860215,0.2553763440860215
hexyl,lto-fat_opt-3_panic-unwind,fat,3,unwind,C@0.50,1289,1221,68,0.2125678820791311,0.0,14,260,56,0,372,793,10,95,0.7142857142857143,0.36538461538461536,0.17857142857142858,0.17857142857142858,0.2553763440860215,0.2553763440860215
hexyl,lto-fat_opt-3_panic-unwind,fat,3,unwind,C@0.60,1289,1221,68,0.2125678820791311,0.0,5,269,56,0,372,793,5,95,1.0,0.35315985130111527,0.08928571428571429,0.08928571428571429,0.2553763440860215,0.2553763440860215
hexyl,lto-fat_opt-3_panic-unwind,fat,3,unwind,C@0.70,1289,1221,68,0.2125678820791311,0.0,4,270,56,0,372,793,4,95,1.0,0.35185185185185186,0.07142857142857142,0.07142857142857142,0.2553763440860215,0.2553763440860215
hexyl,lto-fat_opt-3_panic-unwind,fat,3,unwind,C@0.80,1289,1221,68,0.2125678820791311,0.0,3,271,56,0,372,793,3,95,1.0,0.3505535055350554,0.05357142857142857,0.05357142857142857,0.2553763440860215,0.2553763440860215
hexyl,lto-fat_opt-3_panic-unwind,fat,3,unwind,C@0.90,1289,1221,68,0.2125678820791311,0.0,3,271,56,0,372,793,3,95,1.0,0.3505535055350554,0.05357142857142857,0.05357142857142857,0.2553763440860215,0.2553763440860215
hexyl,lto-fat_opt-z_panic-abort,fat,z,abort,A@1,1584,1470,114,0.15404040404040403,0.0,9,235,53,0,438,979,8,66,0.8888888888888888,0.28085106382978725,0.1509433962264151,0.1509433962264151,0.1506849315068493,0.1506849315068493
hexyl,lto-fat_opt-z_panic-abort,fat,z,abort,A@2,1584,1470,114,0.15404040404040403,0.003787878787878788,3,235,53,0,438,979,3,66,1.0,0.28085106382978725,0.0625,0.05660377358490566,0.1506849315068493,0.1506849315068493
hexyl,lto-fat_opt-z_panic-abort,fat,z,abort,A@3,1584,1470,114,0.15404040404040403,0.004419191919191919,2,235,53,0,438,979,2,66,1.0,0.28085106382978725,0.0425531914893617,0.03773584905660377,0.1506849315068493,0.1506849315068493
hexyl,lto-fat_opt-z_panic-abort,fat,z,abort,A@4,1584,1470,114,0.15404040404040403,0.005681818181818182,0,235,53,0,438,979,0,66,,0.28085106382978725,0.0,0.0,0.1506849315068493,0.1506849315068493
hexyl,lto-fat_opt-z_panic-abort,fat,z,abort,A@5,1584,1470,114,0.15404040404040403,0.005681818181818182,0,235,53,0,438,979,0,66,,0.28085106382978725,0.0,0.0,0.1506849315068493,0.1506849315068493
hexyl,lto-fat_opt-z_panic-abort,fat,z,abort,A@6,1584,1470,114,0.15404040404040403,0.005681818181818182,0,235,53,0,438,979,0,66,,0.28085106382978725,0.0,0.0,0.1506849315068493,0.1506849315068493
hexyl,lto-fat_opt-z_panic-abort,fat,z,abort,B@1,1584,1470,114,0.15404040404040403,0.0,16,228,53,0,438,979,9,66,0.5625,0.2894736842105263,0.16981132075471697,0.16981132075471697,0.1506849315068493,0.1506849315068493
hexyl,lto-fat_opt-z_panic-abort,fat,z,abort,B@2,1584,1470,114,0.15404040404040403,0.008207070707070708,3,228,53,0,438,979,3,66,1.0,0.2894736842105263,0.06382978723404255,0.05660377358490566,0.1506849315068493,0.1506849315068493
hexyl,lto-fat_opt-z_panic-abort,fat,z,abort,B@3,1584,1470,114,0.15404040404040403,0.008838383838383838,2,228,53,0,438,979,2,66,1.0,0.2894736842105263,0.043478260869565216,0.03773584905660377,0.1506849315068493,0.1506849315068493
hexyl,lto-fat_opt-z_panic-abort,fat,z,abort,B@4,1584,1470,114,0.15404040404040403,0.010101010101010102,0,228,53,0,438,979,0,66,,0.2894736842105263,0.0,0.0,0.1506849315068493,0.1506849315068493
hexyl,lto-fat_opt-z_panic-abort,fat,z,abort,B@5,1584,1470,114,0.15404040404040403,0.010101010101010102,0,228,53,0,438,979,0,66,,0.2894736842105263,0.0,0.0,0.1506849315068493,0.1506849315068493
hexyl,lto-fat_opt-z_panic-abort,fat,z,abort,B@6,1584,1470,114,0.15404040404040403,0.010101010101010102,0,228,53,0,438,979,0,66,,0.2894736842105263,0.0,0.0,0.1506849315068493,0.1506849315068493
hexyl,lto-fat_opt-z_panic-abort,fat,z,abort,C@0.10,1584,1470,114,0.15404040404040403,0.0,18,226,53,0,438,979,11,66,0.6111111111111112,0.2920353982300885,0.20754716981132076,0.20754716981132076,0.1506849315068493,0.1506849315068493
hexyl,lto-fat_opt-z_panic-abort,fat,z,abort,C@0.20,1584,1470,114,0.15404040404040403,0.0,17,227,53,0,438,979,10,66,0.5882352941176471,0.2907488986784141,0.18867924528301888,0.18867924528301888,0.1506849315068493,0.1506849315068493
hexyl,lto-fat_opt-z_panic-abort,fat,z,abort,C@0.30,1584,1470,114,0.15404040404040403,0.0,15,229,53,0,438,979,8,66,0.5333333333333333,0.28820960698689957,0.1509433962264151,0.1509433962264151,0.1506849315068493,0.1506849315068493
hexyl,lto-fat_opt-z_panic-abort,fat,z,abort,C@0.40,1584,1470,114,0.15404040404040403,0.0,15,229,53,0,438,979,8,66,0.5333333333333333,0.28820960698689957,0.1509433962264151,0.1509433962264151,0.1506849315068493,0.1506849315068493
hexyl,lto-fat_opt-z_panic-abort,fat,z,abort,C@0.50,1584,1470,114,0.15404040404040403,0.0,15,229,53,0,438,979,8,66,0.5333333333333333,0.28820960698689957,0.1509433962264151,0.1509433962264151,0.1506849315068493,0.1506849315068493
hexyl,lto-fat_opt-z_panic-abort,fat,z,abort,C@0.60,1584,1470,114,0.15404040404040403,0.0,9,235,53,0,438,979,8,66,0.8888888888888888,0.28085106382978725,0.1509433962264151,0.1509433962264151,0.1506849315068493,0.1506849315068493
hexyl,lto-fat_opt-z_panic-abort,fat,z,abort,C@0.70,1584,1470,114,0.15404040404040403,0.0,9,235,53,0,438,979,8,66,0.8888888888888888,0.28085106382978725,0.1509433962264151,0.1509433962264151,0.1506849315068493,0.1506849315068493
hexyl,lto-fat_opt-z_panic-abort,fat,z,abort,C@0.80,1584,1470,114,0.15404040404040403,0.0,9,235,53,0,438,979,8,66,0.8888888888888888,0.28085106382978725,0.1509433962264151,0.1509433962264151,0.1506849315068493,0.1506849315068493
hexyl,lto-fat_opt-z_panic-abort,fat,z,abort,C@0.90,1584,1470,114,0.15404040404040403,0.0,9,235,53,0,438,979,8,66,0.8888888888888888,0.28085106382978725,0.1509433962264151,0.1509433962264151,0.1506849315068493,0.1506849315068493
hexyl,lto-fat_opt-z_panic-unwind,fat,z,unwind,A@1,1647,1532,115,0.1493624772313297,0.0,9,237,53,0,439,1040,8,65,0.8888888888888888,0.2742616033755274,0.1509433962264151,0.1509433962264151,0.1480637813211845,0.1480637813211845
hexyl,lto-fat_opt-z_panic-unwind,fat,z,unwind,A@2,1647,1532,115,0.1493624772313297,0.0036429872495446266,3,237,53,0,439,1040,3,65,1.0,0.2742616033755274,0.0625,0.05660377358490566,0.1480637813211845,0.1480637813211845
hexyl,lto-fat_opt-z_panic-unwind,fat,z,unwind,A@3,1647,1532,115,0.1493624772313297,0.004250151791135397,2,237,53,0,439,1040,2,65,1.0,0.2742616033755274,0.0425531914893617,0.03773584905660377,0.1480637813211845,0.1480637813211845
hexyl,lto-fat_opt-z_panic-unwind,fat,z,unwind,A@4,1647,1532,115,0.1493624772313297,0.00546448087431694,0,237,53,0,439,1040,0,65,,0.2742616033755274,0.0,0.0,0.1480637813211845,0.1480637813211845
hexyl,lto-fat_opt-z_panic-unwind,fat,z,unwind,A@5,1647,1532,115,0.1493624772313297,0.00546448087431694,0,237,53,0,439,1040,0,65,,0.2742616033755274,0.0,0.0,0.1480637813211845,0.1480637813211845
hexyl,lto-fat_opt-z_panic-unwind,fat,z,unwind,A@6,1647,1532,115,0.1493624772313297,0.00546448087431694,0,237,53,0,439,1040,0,65,,0.2742616033755274,0.0,0.0,0.1480637813211845,0.1480637813211845
hexyl,lto-fat_opt-z_panic-unwind,fat,z,unwind,B@1,1647,1532,115,0.1493624772313297,0.0,16,230,53,0,439,1040,9,65,0.5625,0.2826086956521739,0.16981132075471697,0.16981132075471697,0.1480637813211845,0.1480637813211845
hexyl,lto-fat_opt-z_panic-unwind,fat,z,unwind,B@2,1647,1532,115,0.1493624772313297,0.007893139040680024,3,230,53,0,439,1040,3,65,1.0,0.2826086956521739,0.06382978723404255,0.05660377358490566,0.1480637813211845,0.1480637813211845
hexyl,lto-fat_opt-z_panic-unwind,fat,z,unwind,B@3,1647,1532,115,0.1493624772313297,0.008500303582270795,2,230,53,0,439,1040,2,65,1.0,0.2826086956521739,0.043478260869565216,0.03773584905660377,0.1480637813211845,0.1480637813211845
hexyl,lto-fat_opt-z_panic-unwind,fat,z,unwind,B@4,1647,1532,115,0.1493624772313297,0.009714632665452338,0,230,53,0,439,1040,0,65,,0.2826086956521739,0.0,0.0,0.1480637813211845,0.1480637813211845
hexyl,lto-fat_opt-z_panic-unwind,fat,z,unwind,B@5,1647,1532,115,0.1493624772313297,0.009714632665452338,0,230,53,0,439,1040,0,65,,0.2826086956521739,0.0,0.0,0.1480637813211845,0.1480637813211845
hexyl,lto-fat_opt-z_panic-unwind,fat,z,unwind,B@6,1647,1532,115,0.1493624772313297,0.009714632665452338,0,230,53,0,439,1040,0,65,,0.2826086956521739,0.0,0.0,0.1480637813211845,0.1480637813211845
hexyl,lto-fat_opt-z_panic-unwind,fat,z,unwind,C@0.10,1647,1532,115,0.1493624772313297,0.0,18,228,53,0,439,1040,11,65,0.6111111111111112,0.2850877192982456,0.20754716981132076,0.20754716981132076,0.1480637813211845,0.1480637813211845
hexyl,lto-fat_opt-z_panic-unwind,fat,z,unwind,C@0.20,1647,1532,115,0.1493624772313297,0.0,16,230,53,0,439,1040,9,65,0.5625,0.2826086956521739,0.16981132075471697,0.16981132075471697,0.1480637813211845,0.1480637813211845
hexyl,lto-fat_opt-z_panic-unwind,fat,z,unwind,C@0.30,1647,1532,115,0.1493624772313297,0.0,15,231,53,0,439,1040,8,65,0.5333333333333333,0.2813852813852814,0.1509433962264151,0.1509433962264151,0.1480637813211845,0.1480637813211845
hexyl,lto-fat_opt-z_panic-unwind,fat,z,unwind,C@0.40,1647,1532,115,0.1493624772313297,0.0,15,231,53,0,439,1040,8,65,0.5333333333333333,0.2813852813852814,0.1509433962264151,0.1509433962264151,0.1480637813211845,0.1480637813211845
hexyl,lto-fat_opt-z_panic-unwind,fat,z,unwind,C@0.50,1647,1532,115,0.1493624772313297,0.0,15,231,53,0,439,1040,8,65,0.5333333333333333,0.2813852813852814,0.1509433962264151,0.1509433962264151,0.1480637813211845,0.1480637813211845
hexyl,lto-fat_opt-z_panic-unwind,fat,z,unwind,C@0.60,1647,1532,115,0.1493624772313297,0.0,9,237,53,0,439,1040,8,65,0.8888888888888888,0.2742616033755274,0.1509433962264151,0.1509433962264151,0.1480637813211845,0.1480637813211845
hexyl,lto-fat_opt-z_panic-unwind,fat,z,unwind,C@0.70,1647,1532,115,0.1493624772313297,0.0,9,237,53,0,439,1040,8,65,0.8888888888888888,0.2742616033755274,0.1509433962264151,0.1509433962264151,0.1480637813211845,0.1480637813211845
hexyl,lto-fat_opt-z_panic-unwind,fat,z,unwind,C@0.80,1647,1532,115,0.1493624772313297,0.0,9,237,53,0,439,1040,8,65,0.8888888888888888,0.2742616033755274,0.1509433962264151,0.1509433962264151,0.1480637813211845,0.1480637813211845
hexyl,lto-fat_opt-z_panic-unwind,fat,z,unwind,C@0.90,1647,1532,115,0.1493624772313297,0.0,9,237,53,0,439,1040,8,65,0.8888888888888888,0.2742616033755274,0.1509433962264151,0.1509433962264151,0.1480637813211845,0.1480637813211845
hexyl,lto-thin_opt-3_panic-abort,thin,3,abort,A@1,1340,1260,80,0.23582089552238805,0.0,5,311,53,0,368,839,5,96,1.0,0.3086816720257235,0.09433962264150944,0.09433962264150944,0.2608695652173913,0.2608695652173913
hexyl,lto-thin_opt-3_panic-abort,thin,3,abort,A@2,1340,1260,80,0.23582089552238805,0.0029850746268656717,1,311,53,0,368,839,1,96,1.0,0.3086816720257235,0.02040816326530612,0.018867924528301886,0.2608695652173913,0.2608695652173913
hexyl,lto-thin_opt-3_panic-abort,thin,3,abort,A@3,1340,1260,80,0.23582089552238805,0.0037313432835820895,0,311,53,0,368,839,0,96,,0.3086816720257235,0.0,0.0,0.2608695652173913,0.2608695652173913
hexyl,lto-thin_opt-3_panic-abort,thin,3,abort,A@4,1340,1260,80,0.23582089552238805,0.0037313432835820895,0,311,53,0,368,839,0,96,,0.3086816720257235,0.0,0.0,0.2608695652173913,0.2608695652173913
hexyl,lto-thin_opt-3_panic-abort,thin,3,abort,A@5,1340,1260,80,0.23582089552238805,0.0037313432835820895,0,311,53,0,368,839,0,96,,0.3086816720257235,0.0,0.0,0.2608695652173913,0.2608695652173913
hexyl,lto-thin_opt-3_panic-abort,thin,3,abort,A@6,1340,1260,80,0.23582089552238805,0.0037313432835820895,0,311,53,0,368,839,0,96,,0.3086816720257235,0.0,0.0,0.2608695652173913,0.2608695652173913
hexyl,lto-thin_opt-3_panic-abort,thin,3,abort,B@1,1340,1260,80,0.23582089552238805,0.0,13,303,53,0,368,839,11,96,0.8461538461538461,0.31683168316831684,0.20754716981132076,0.20754716981132076,0.2608695652173913,0.2608695652173913
hexyl,lto-thin_opt-3_panic-abort,thin,3,abort,B@2,1340,1260,80,0.23582089552238805,0.007462686567164179,3,303,53,0,368,839,3,96,1.0,0.31683168316831684,0.06666666666666667,0.05660377358490566,0.2608695652173913,0.2608695652173913
hexyl,lto-thin_opt-3_panic-abort,thin,3,abort,B@3,1340,1260,80,0.23582089552238805,0.008208955223880597,2,303,53,0,368,839,2,96,1.0,0.31683168316831684,0.045454545454545456,0.03773584905660377,0.2608695652173913,0.2608695652173913
hexyl,lto-thin_opt-3_panic-abort,thin,3,abort,B@4,1340,1260,80,0.23582089552238805,0.009701492537313432,0,303,53,0,368,839,0,96,,0.31683168316831684,0.0,0.0,0.2608695652173913,0.2608695652173913
hexyl,lto-thin_opt-3_panic-abort,thin,3,abort,B@5,1340,1260,80,0.23582089552238805,0.009701492537313432,0,303,53,0,368,839,0,96,,0.31683168316831684,0.0,0.0,0.2608695652173913,0.2608695652173913
hexyl,lto-thin_opt-3_panic-abort,thin,3,abort,B@6,1340,1260,80,0.23582089552238805,0.009701492537313432,0,303,53,0,368,839,0,96,,0.31683168316831684,0.0,0.0,0.2608695652173913,0.2608695652173913
hexyl,lto-thin_opt-3_panic-abort,thin,3,abort,C@0.10,1340,1260,80,0.23582089552238805,0.0,14,302,53,0,368,839,12,96,0.8571428571428571,0.31788079470198677,0.22641509433962265,0.22641509433962265,0.2608695652173913,0.2608695652173913
hexyl,lto-thin_opt-3_panic-abort,thin,3,abort,C@0.20,1340,1260,80,0.23582089552238805,0.0,13,303,53,0,368,839,11,96,0.8461538461538461,0.31683168316831684,0.20754716981132076,0.20754716981132076,0.2608695652173913,0.2608695652173913
hexyl,lto-thin_opt-3_panic-abort,thin,3,abort,C@0.30,1340,1260,80,0.23582089552238805,0.0,13,303,53,0,368,839,11,96,0.8461538461538461,0.31683168316831684,0.20754716981132076,0.20754716981132076,0.2608695652173913,0.2608695652173913
hexyl,lto-thin_opt-3_panic-abort,thin,3,abort,C@0.40,1340,1260,80,0.23582089552238805,0.0,12,304,53,0,368,839,10,96,0.8333333333333334,0.3157894736842105,0.18867924528301888,0.18867924528301888,0.2608695652173913,0.2608695652173913
hexyl,lto-thin_opt-3_panic-abort,thin,3,abort,C@0.50,1340,1260,80,0.23582089552238805,0.0,12,304,53,0,368,839,10,96,0.8333333333333334,0.3157894736842105,0.18867924528301888,0.18867924528301888,0.2608695652173913,0.2608695652173913
hexyl,lto-thin_opt-3_panic-abort,thin,3,abort,C@0.60,1340,1260,80,0.23582089552238805,0.0,7,309,53,0,368,839,7,96,1.0,0.3106796116504854,0.1320754716981132,0.1320754716981132,0.2608695652173913,0.2608695652173913
hexyl,lto-thin_opt-3_panic-abort,thin,3,abort,C@0.70,1340,1260,80,0.23582089552238805,0.0,7,309,53,0,368,839,7,96,1.0,0.3106796116504854,0.1320754716981132,0.1320754716981132,0.2608695652173913,0.2608695652173913
hexyl,lto-thin_opt-3_panic-abort,thin,3,abort,C@0.80,1340,1260,80,0.23582089552238805,0.0,5,311,53,0,368,839,5,96,1.0,0.3086816720257235,0.09433962264150944,0.09433962264150944,0.2608695652173913,0.2608695652173913
hexyl,lto-thin_opt-3_panic-abort,thin,3,abort,C@0.90,1340,1260,80,0.23582089552238805,0.0,5,311,53,0,368,839,5,96,1.0,0.3086816720257235,0.09433962264150944,0.09433962264150944,0.2608695652173913,0.2608695652173913
hexyl,lto-thin_opt-3_panic-unwind,thin,3,unwind,A@1,1469,1387,82,0.22396187882913546,0.0,3,326,58,0,391,938,3,108,1.0,0.3312883435582822,0.05172413793103448,0.05172413793103448,0.27621483375959077,0.27621483375959077
hexyl,lto-thin_opt-3_panic-unwind,thin,3,unwind,A@2,1469,1387,82,0.22396187882913546,0.0013614703880190605,1,326,58,0,391,938,1,108,1.0,0.3312883435582822,0.017857142857142856,0.017241379310344827,0.27621483375959077,0.27621483375959077
hexyl,lto-thin_opt-3_panic-unwind,thin,3,unwind,A@3,1469,1387,82,0.22396187882913546,0.0020422055820285907,0,326,58,0,391,938,0,108,,0.3312883435582822,0.0,0.0,0.27621483375959077,0.27621483375959077
hexyl,lto-thin_opt-3_panic-unwind,thin,3,unwind,A@4,1469,1387,82,0.22396187882913546,0.0020422055820285907,0,326,58,0,391,938,0,108,,0.3312883435582822,0.0,0.0,0.27621483375959077,0.27621483375959077
hexyl,lto-thin_opt-3_panic-unwind,thin,3,unwind,A@5,1469,1387,82,0.22396187882913546,0.0020422055820285907,0,326,58,0,391,938,0,108,,0.3312883435582822,0.0,0.0,0.27621483375959077,0.27621483375959077
hexyl,lto-thin_opt-3_panic-unwind,thin,3,unwind,A@6,1469,1387,82,0.22396187882913546,0.0020422055820285907,0,326,58,0,391,938,0,108,,0.3312883435582822,0.0,0.0,0.27621483375959077,0.27621483375959077
hexyl,lto-thin_opt-3_panic-unwind,thin,3,unwind,B@1,1469,1387,82,0.22396187882913546,0.0,16,313,58,0,391,938,12,108,0.75,0.3450479233226837,0.20689655172413793,0.20689655172413793,0.27621483375959077,0.27621483375959077
hexyl,lto-thin_opt-3_panic-unwind,thin,3,unwind,B@2,1469,1387,82,0.22396187882913546,0.008849557522123894,3,313,58,0,391,938,3,108,1.0,0.3450479233226837,0.061224489795918366,0.05172413793103448,0.27621483375959077,0.27621483375959077
hexyl,lto-thin_opt-3_panic-unwind,thin,3,unwind,B@3,1469,1387,82,0.22396187882913546,0.009530292716133424,2,313,58,0,391,938,2,108,1.0,0.3450479233226837,0.041666666666666664,0.034482758620689655,0.27621483375959077,0.27621483375959077
hexyl,lto-thin_opt-3_panic-unwind,thin,3,unwind,B@4,1469,1387,82,0.22396187882913546,0.010891763104152484,0,313,58,0,391,938,0,108,,0.3450479233226837,0.0,0.0,0.27621483375959077,0.27621483375959077
hexyl,lto-thin_opt-3_panic-unwind,thin,3,unwind,B@5,1469,1387,82,0.22396187882913546,0.010891763104152484,0,313,58,0,391,938,0,108,,0.3450479233226837,0.0,0.0,0.27621483375959077,0.27621483375959077
hexyl,lto-thin_opt-3_panic-unwind,thin,3,unwind,B@6,1469,1387,82,0.22396187882913546,0.010891763104152484,0,313,58,0,391,938,0,108,,0.3450479233226837,0.0,0.0,0.27621483375959077,0.27621483375959077
hexyl,lto-thin_opt-3_panic-unwind,thin,3,unwind,C@0.10,1469,1387,82,0.22396187882913546,0.0,16,313,58,0,391,938,12,108,0.75,0.3450479233226837,0.20689655172413793,0.20689655172413793,0.27621483375959077,0.27621483375959077
hexyl,lto-thin_opt-3_panic-unwind,thin,3,unwind,C@0.20,1469,1387,82,0.22396187882913546,0.0,16,313,58,0,391,938,12,108,0.75,0.3450479233226837,0.20689655172413793,0.20689655172413793,0.27621483375959077,0.27621483375959077
hexyl,lto-thin_opt-3_panic-unwind,thin,3,unwind,C@0.30,1469,1387,82,0.22396187882913546,0.0,15,314,58,0,391,938,11,108,0.7333333333333333,0.34394904458598724,0.1896551724137931,0.1896551724137931,0.27621483375959077,0.27621483375959077
hexyl,lto-thin_opt-3_panic-unwind,thin,3,unwind,C@0.40,1469,1387,82,0.22396187882913546,0.0,14,315,58,0,391,938,10,108,0.7142857142857143,0.34285714285714286,0.1724137931034483,0.1724137931034483,0.27621483375959077,0.27621483375959077
hexyl,lto-thin_opt-3_panic-unwind,thin,3,unwind,C@0.50,1469,1387,82,0.22396187882913546,0.0,14,315,58,0,391,938,10,108,0.7142857142857143,0.34285714285714286,0.1724137931034483,0.1724137931034483,0.27621483375959077,0.27621483375959077
hexyl,lto-thin_opt-3_panic-unwind,thin,3,unwind,C@0.60,1469,1387,82,0.22396187882913546,0.0,5,324,58,0,391,938,5,108,1.0,0.3333333333333333,0.08620689655172414,0.08620689655172414,0.27621483375959077,0.27621483375959077
hexyl,lto-thin_opt-3_panic-unwind,thin,3,unwind,C@0.70,1469,1387,82,0.22396187882913546,0.0,4,325,58,0,391,938,4,108,1.0,0.3323076923076923,0.06896551724137931,0.06896551724137931,0.27621483375959077,0.27621483375959077
hexyl,lto-thin_opt-3_panic-unwind,thin,3,unwind,C@0.80,1469,1387,82,0.22396187882913546,0.0,3,326,58,0,391,938,3,108,1.0,0.3312883435582822,0.05172413793103448,0.05172413793103448,0.27621483375959077,0.27621483375959077
hexyl,lto-thin_opt-3_panic-unwind,thin,3,unwind,C@0.90,1469,1387,82,0.22396187882913546,0.0,3,326,58,0,391,938,3,108,1.0,0.3312883435582822,0.05172413793103448,0.05172413793103448,0.27621483375959077,0.27621483375959077
hexyl,lto-thin_opt-z_panic-abort,thin,z,abort,A@1,2352,2186,166,0.13052721088435373,0.0,9,298,56,0,575,1555,8,84,0.8888888888888888,0.28187919463087246,0.14285714285714285,0.14285714285714285,0.14608695652173914,0.14608695652173914
hexyl,lto-thin_opt-z_panic-abort,thin,z,abort,A@2,2352,2186,166,0.13052721088435373,0.002551020408163265,3,298,56,0,575,1555,3,84,1.0,0.28187919463087246,0.058823529411764705,0.05357142857142857,0.14608695652173914,0.14608695652173914
hexyl,lto-thin_opt-z_panic-abort,thin,z,abort,A@3,2352,2186,166,0.13052721088435373,0.002976190476190476,2,298,56,0,575,1555,2,84,1.0,0.28187919463087246,0.04,0.03571428571428571,0.14608695652173914,0.14608695652173914
hexyl,lto-thin_opt-z_panic-abort,thin,z,abort,A@4,2352,2186,166,0.13052721088435373,0.003826530612244898,0,298,56,0,575,1555,0,84,,0.28187919463087246,0.0,0.0,0.14608695652173914,0.14608695652173914
hexyl,lto-thin_opt-z_panic-abort,thin,z,abort,A@5,2352,2186,166,0.13052721088435373,0.003826530612244898,0,298,56,0,575,1555,0,84,,0.28187919463087246,0.0,0.0,0.14608695652173914,0.14608695652173914
hexyl,lto-thin_opt-z_panic-abort,thin,z,abort,A@6,2352,2186,166,0.13052721088435373,0.003826530612244898,0,298,56,0,575,1555,0,84,,0.28187919463087246,0.0,0.0,0.14608695652173914,0.14608695652173914
hexyl,lto-thin_opt-z_panic-abort,thin,z,abort,B@1,2352,2186,166,0.13052721088435373,0.0,17,290,56,0,575,1555,10,84,0.5882352941176471,0.2896551724137931,0.17857142857142858,0.17857142857142858,0.14608695652173914,0.14608695652173914
hexyl,lto-thin_opt-z_panic-abort,thin,z,abort,B@2,2352,2186,166,0.13052721088435373,0.005952380952380952,3,290,56,0,575,1555,3,84,1.0,0.2896551724137931,0.061224489795918366,0.05357142857142857,0.14608695652173914,0.14608695652173914
hexyl,lto-thin_opt-z_panic-abort,thin,z,abort,B@3,2352,2186,166,0.13052721088435373,0.006377551020408163,2,290,56,0,575,1555,2,84,1.0,0.2896551724137931,0.041666666666666664,0.03571428571428571,0.14608695652173914,0.14608695652173914
hexyl,lto-thin_opt-z_panic-abort,thin,z,abort,B@4,2352,2186,166,0.13052721088435373,0.007227891156462585,0,290,56,0,575,1555,0,84,,0.2896551724137931,0.0,0.0,0.14608695652173914,0.14608695652173914
hexyl,lto-thin_opt-z_panic-abort,thin,z,abort,B@5,2352,2186,166,0.13052721088435373,0.007227891156462585,0,290,56,0,575,1555,0,84,,0.2896551724137931,0.0,0.0,0.14608695652173914,0.14608695652173914
hexyl,lto-thin_opt-z_panic-abort,thin,z,abort,B@6,2352,2186,166,0.13052721088435373,0.007227891156462585,0,290,56,0,575,1555,0,84,,0.2896551724137931,0.0,0.0,0.14608695652173914,0.14608695652173914
hexyl,lto-thin_opt-z_panic-abort,thin,z,abort,C@0.10,2352,2186,166,0.13052721088435373,0.0,18,289,56,0,575,1555,11,84,0.6111111111111112,0.2906574394463668,0.19642857142857142,0.19642857142857142,0.14608695652173914,0.14608695652173914
hexyl,lto-thin_opt-z_panic-abort,thin,z,abort,C@0.20,2352,2186,166,0.13052721088435373,0.0,17,290,56,0,575,1555,10,84,0.5882352941176471,0.2896551724137931,0.17857142857142858,0.17857142857142858,0.14608695652173914,0.14608695652173914
hexyl,lto-thin_opt-z_panic-abort,thin,z,abort,C@0.30,2352,2186,166,0.13052721088435373,0.0,17,290,56,0,575,1555,10,84,0.5882352941176471,0.2896551724137931,0.17857142857142858,0.17857142857142858,0.14608695652173914,0.14608695652173914
hexyl,lto-thin_opt-z_panic-abort,thin,z,abort,C@0.40,2352,2186,166,0.13052721088435373,0.0,17,290,56,0,575,1555,10,84,0.5882352941176471,0.2896551724137931,0.17857142857142858,0.17857142857142858,0.14608695652173914,0.14608695652173914
hexyl,lto-thin_opt-z_panic-abort,thin,z,abort,C@0.50,2352,2186,166,0.13052721088435373,0.0,17,290,56,0,575,1555,10,84,0.5882352941176471,0.2896551724137931,0.17857142857142858,0.17857142857142858,0.14608695652173914,0.14608695652173914
hexyl,lto-thin_opt-z_panic-abort,thin,z,abort,C@0.60,2352,2186,166,0.13052721088435373,0.0,10,297,56,0,575,1555,9,84,0.9,0.2828282828282828,0.16071428571428573,0.16071428571428573,0.14608695652173914,0.14608695652173914
hexyl,lto-thin_opt-z_panic-abort,thin,z,abort,C@0.70,2352,2186,166,0.13052721088435373,0.0,9,298,56,0,575,1555,8,84,0.8888888888888888,0.28187919463087246,0.14285714285714285,0.14285714285714285,0.14608695652173914,0.14608695652173914
hexyl,lto-thin_opt-z_panic-abort,thin,z,abort,C@0.80,2352,2186,166,0.13052721088435373,0.0,9,298,56,0,575,1555,8,84,0.8888888888888888,0.28187919463087246,0.14285714285714285,0.14285714285714285,0.14608695652173914,0.14608695652173914
hexyl,lto-thin_opt-z_panic-abort,thin,z,abort,C@0.90,2352,2186,166,0.13052721088435373,0.0,9,298,56,0,575,1555,8,84,0.8888888888888888,0.28187919463087246,0.14285714285714285,0.14285714285714285,0.14608695652173914,0.14608695652173914
hexyl,lto-thin_opt-z_panic-unwind,thin,z,unwind,A@1,2423,2255,168,0.12628972348328518,0.0,10,296,57,0,575,1623,9,83,0.9,0.28040540540540543,0.15789473684210525,0.15789473684210525,0.1443478260869565,0.1443478260869565
hexyl,lto-thin_opt-z_panic-unwind,thin,z,unwind,A@2,2423,2255,168,0.12628972348328518,0.0024762690879075525,4,296,57,0,575,1623,4,83,1.0,0.28040540540540543,0.07692307692307693,0.07017543859649122,0.1443478260869565,0.1443478260869565
hexyl,lto-thin_opt-z_panic-unwind,thin,z,unwind,A@3,2423,2255,168,0.12628972348328518,0.002888980602558811,3,296,57,0,575,1623,3,83,1.0,0.28040540540540543,0.058823529411764705,0.05263157894736842,0.1443478260869565,0.1443478260869565
hexyl,lto-thin_opt-z_panic-unwind,thin,z,unwind,A@4,2423,2255,168,0.12628972348328518,0.004127115146512587,0,296,57,0,575,1623,0,83,,0.28040540540540543,0.0,0.0,0.1443478260869565,0.1443478260869565
hexyl,lto-thin_opt-z_panic-unwind,thin,z,unwind,A@5,2423,2255,168,0.12628972348328518,0.004127115146512587,0,296,57,0,575,1623,0,83,,0.28040540540540543,0.0,0.0,0.1443478260869565,0.1443478260869565
hexyl,lto-thin_opt-z_panic-unwind,thin,z,unwind,A@6,2423,2255,168,0.12628972348328518,0.004127115146512587,0,296,57,0,575,1623,0,83,,0.28040540540540543,0.0,0.0,0.1443478260869565,0.1443478260869565
hexyl,lto-thin_opt-z_panic-unwind,thin,z,unwind,B@1,2423,2255,168,0.12628972348328518,0.0,18,288,57,0,575,1623,11,83,0.6111111111111112,0.2881944444444444,0.19298245614035087,0.19298245614035087,0.1443478260869565,0.1443478260869565
hexyl,lto-thin_opt-z_panic-unwind,thin,z,unwind,B@2,2423,2255,168,0.12628972348328518,0.005777961205117622,4,288,57,0,575,1623,4,83,1.0,0.2881944444444444,0.08,0.07017543859649122,0.1443478260869565,0.1443478260869565
hexyl,lto-thin_opt-z_panic-unwind,thin,z,unwind,B@3,2423,2255,168,0.12628972348328518,0.006190672719768881,3,288,57,0,575,1623,3,83,1.0,0.2881944444444444,0.061224489795918366,0.05263157894736842,0.1443478260869565,0.1443478260869565
hexyl,lto-thin_opt-z_panic-unwind,thin,z,unwind,B@4,2423,2255,168,0.12628972348328518,0.007428807263722658,0,288,57,0,575,1623,0,83,,0.2881944444444444,0.0,0.0,0.1443478260869565,0.1443478260869565
hexyl,lto-thin_opt-z_panic-unwind,thin,z,unwind,B@5,2423,2255,168,0.12628972348328518,0.007428807263722658,0,288,57,0,575,1623,0,83,,0.2881944444444444,0.0,0.0,0.1443478260869565,0.1443478260869565
hexyl,lto-thin_opt-z_panic-unwind,thin,z,unwind,B@6,2423,2255,168,0.12628972348328518,0.007428807263722658,0,288,57,0,575,1623,0,83,,0.2881944444444444,0.0,0.0,0.1443478260869565,0.1443478260869565
hexyl,lto-thin_opt-z_panic-unwind,thin,z,unwind,C@0.10,2423,2255,168,0.12628972348328518,0.0,18,288,57,0,575,1623,11,83,0.6111111111111112,0.2881944444444444,0.19298245614035087,0.19298245614035087,0.1443478260869565,0.1443478260869565
hexyl,lto-thin_opt-z_panic-unwind,thin,z,unwind,C@0.20,2423,2255,168,0.12628972348328518,0.0,17,289,57,0,575,1623,10,83,0.5882352941176471,0.28719723183391005,0.17543859649122806,0.17543859649122806,0.1443478260869565,0.1443478260869565
hexyl,lto-thin_opt-z_panic-unwind,thin,z,unwind,C@0.30,2423,2255,168,0.12628972348328518,0.0,17,289,57,0,575,1623,10,83,0.5882352941176471,0.28719723183391005,0.17543859649122806,0.17543859649122806,0.1443478260869565,0.1443478260869565
hexyl,lto-thin_opt-z_panic-unwind,thin,z,unwind,C@0.40,2423,2255,168,0.12628972348328518,0.0,16,290,57,0,575,1623,9,83,0.5625,0.28620689655172415,0.15789473684210525,0.15789473684210525,0.1443478260869565,0.1443478260869565
hexyl,lto-thin_opt-z_panic-unwind,thin,z,unwind,C@0.50,2423,2255,168,0.12628972348328518,0.0,16,290,57,0,575,1623,9,83,0.5625,0.28620689655172415,0.15789473684210525,0.15789473684210525,0.1443478260869565,0.1443478260869565
hexyl,lto-thin_opt-z_panic-unwind,thin,z,unwind,C@0.60,2423,2255,168,0.12628972348328518,0.0,10,296,57,0,575,1623,9,83,0.9,0.28040540540540543,0.15789473684210525,0.15789473684210525,0.1443478260869565,0.1443478260869565
hexyl,lto-thin_opt-z_panic-unwind,thin,z,unwind,C@0.70,2423,2255,168,0.12628972348328518,0.0,10,296,57,0,575,1623,9,83,0.9,0.28040540540540543,0.15789473684210525,0.15789473684210525,0.1443478260869565,0.1443478260869565
hexyl,lto-thin_opt-z_panic-unwind,thin,z,unwind,C@0.80,2423,2255,168,0.12628972348328518,0.0,10,296,57,0,575,1623,9,83,0.9,0.28040540540540543,0.15789473684210525,0.15789473684210525,0.1443478260869565,0.1443478260869565
hexyl,lto-thin_opt-z_panic-unwind,thin,z,unwind,C@0.90,2423,2255,168,0.12628972348328518,0.0,10,296,57,0,575,1623,9,83,0.9,0.28040540540540543,0.15789473684210525,0.15789473684210525,0.1443478260869565,0.1443478260869565
oha,lto-fat_opt-3_panic-abort,fat,3,abort,A@1,10952,5832,5120,0.19968955441928415,0.0,12,2175,147,0,3503,2182,11,1724,0.9166666666666666,0.7926436781609195,0.07482993197278912,0.07482993197278912,0.49214958606908366,0.49214958606908366
oha,lto-fat_opt-3_panic-abort,fat,3,abort,A@2,10952,5832,5120,0.19968955441928415,0.0009130752373995618,2,2175,147,0,3503,2182,2,1724,1.0,0.7926436781609195,0.014492753623188406,0.013605442176870748,0.49214958606908366,0.49214958606908366
oha,lto-fat_opt-3_panic-abort,fat,3,abort,A@3,10952,5832,5120,0.19968955441928415,0.0010043827611395178,1,2175,147,0,3503,2182,1,1724,1.0,0.7926436781609195,0.0072992700729927005,0.006802721088435374,0.49214958606908366,0.49214958606908366
oha,lto-fat_opt-3_panic-abort,fat,3,abort,A@4,10952,5832,5120,0.19968955441928415,0.001095690284879474,0,2175,147,0,3503,2182,0,1724,,0.7926436781609195,0.0,0.0,0.49214958606908366,0.49214958606908366
oha,lto-fat_opt-3_panic-abort,fat,3,abort,A@5,10952,5832,5120,0.19968955441928415,0.001095690284879474,0,2175,147,0,3503,2182,0,1724,,0.7926436781609195,0.0,0.0,0.49214958606908366,0.49214958606908366
oha,lto-fat_opt-3_panic-abort,fat,3,abort,A@6,10952,5832,5120,0.19968955441928415,0.001095690284879474,0,2175,147,0,3503,2182,0,1724,,0.7926436781609195,0.0,0.0,0.49214958606908366,0.49214958606908366
oha,lto-fat_opt-3_panic-abort,fat,3,abort,B@1,10952,5832,5120,0.19968955441928415,0.0,20,2167,147,0,3503,2182,15,1724,0.75,0.7955699123211813,0.10204081632653061,0.10204081632653061,0.49214958606908366,0.49214958606908366
oha,lto-fat_opt-3_panic-abort,fat,3,abort,B@2,10952,5832,5120,0.19968955441928415,0.0009130752373995618,10,2167,147,0,3503,2182,6,1724,0.6,0.7955699123211813,0.043478260869565216,0.04081632653061224,0.49214958606908366,0.49214958606908366
oha,lto-fat_opt-3_panic-abort,fat,3,abort,B@3,10952,5832,5120,0.19968955441928415,0.001552227903579255,3,2167,147,0,3503,2182,3,1724,1.0,0.7955699123211813,0.022222222222222223,0.02040816326530612,0.49214958606908366,0.49214958606908366
oha,lto-fat_opt-3_panic-abort,fat,3,abort,B@4,10952,5832,5120,0.19968955441928415,0.0017348429510591673,1,2167,147,0,3503,2182,1,1724,1.0,0.7955699123211813,0.007518796992481203,0.006802721088435374,0.49214958606908366,0.49214958606908366
oha,lto-fat_opt-3_panic-abort,fat,3,abort,B@5,10952,5832,5120,0.19968955441928415,0.0017348429510591673,1,2167,147,0,3503,2182,1,1724,1.0,0.7955699123211813,0.007518796992481203,0.006802721088435374,0.49214958606908366,0.49214958606908366
oha,lto-fat_opt-3_panic-abort,fat,3,abort,B@6,10952,5832,5120,0.19968955441928415,0.0017348429510591673,1,2167,147,0,3503,2182,1,1724,1.0,0.7955699123211813,0.007518796992481203,0.006802721088435374,0.49214958606908366,0.49214958606908366
oha,lto-fat_opt-3_panic-abort,fat,3,abort,C@0.10,10952,5832,5120,0.19968955441928415,0.0,83,2104,147,0,3503,2182,67,1717,0.8072289156626506,0.81606463878327,0.4557823129251701,0.4557823129251701,0.4901512988866686,0.4901512988866686
oha,lto-fat_opt-3_panic-abort,fat,3,abort,C@0.20,10952,5832,5120,0.19968955441928415,0.0,80,2107,147,0,3503,2182,64,1717,0.8,0.8149027052681538,0.43537414965986393,0.43537414965986393,0.4901512988866686,0.4901512988866686
oha,lto-fat_opt-3_panic-abort,fat,3,abort,C@0.30,10952,5832,5120,0.19968955441928415,0.0,70,2117,147,0,3503,2182,57,1720,0.8142857142857143,0.812470477090222,0.3877551020408163,0.3877551020408163,0.49100770767913215,0.49100770767913215
oha,lto-fat_opt-3_panic-abort,fat,3,abort,C@0.40,10952,5832,5120,0.19968955441928415,0.0,58,2129,147,0,3503,2182,51,1722,0.8793103448275862,0.8088304368248004,0.3469387755102041,0.3469387755102041,0.4915786468741079,0.4915786468741079
oha,lto-fat_opt-3_panic-abort,fat,3,abort,C@0.50,10952,5832,5120,0.19968955441928415,0.0,46,2141,147,0,3503,2182,39,1722,0.8478260869565217,0.8042970574497899,0.2653061224489796,0.2653061224489796,0.4915786468741079,0.4915786468741079
oha,lto-fat_opt-3_panic-abort,fat,3,abort,C@0.60,10952,5832,5120,0.19968955441928415,0.0,31,2156,147,0,3503,2182,26,1724,0.8387096774193549,0.7996289424860853,0.17687074829931973,0.17687074829931973,0.49214958606908366,0.49214958606908366
oha,lto-fat_opt-3_panic-abort,fat,3,abort,C@0.70,10952,5832,5120,0.19968955441928415,0.0,18,2169,147,0,3503,2182,17,1724,0.9444444444444444,0.7948363301060396,0.11564625850340136,0.11564625850340136,0.49214958606908366,0.49214958606908366
oha,lto-fat_opt-3_panic-abort,fat,3,abort,C@0.80,10952,5832,5120,0.19968955441928415,0.0,14,2173,147,0,3503,2182,13,1724,0.9285714285714286,0.7933732167510354,0.08843537414965986,0.08843537414965986,0.49214958606908366,0.49214958606908366
oha,lto-fat_opt-3_panic-abort,fat,3,abort,C@0.90,10952,5832,5120,0.19968955441928415,0.0,12,2175,147,0,3503,2182,11,1724,0.9166666666666666,0.7926436781609195,0.07482993197278912,0.07482993197278912,0.49214958606908366,0.49214958606908366
oha,lto-fat_opt-3_panic-unwind,fat,3,unwind,A@1,12251,7126,5125,0.18496449269447393,0.0,18,2248,158,0,3614,3354,17,1771,0.9444444444444444,0.7878113879003559,0.10759493670886076,0.10759493670886076,0.4900387382401771,0.4900387382401771
oha,lto-fat_opt-3_panic-unwind,fat,3,unwind,A@2,12251,7126,5125,0.18496449269447393,0.0010611378662966288,5,2248,158,0,3614,3354,5,1771,1.0,0.7878113879003559,0.03424657534246575,0.03164556962025317,0.4900387382401771,0.4900387382401771
oha,lto-fat_opt-3_panic-unwind,fat,3,unwind,A@3,12251,7126,5125,0.18496449269447393,0.0013876418251571301,1,2248,158,0,3614,3354,1,1771,1.0,0.7878113879003559,0.007042253521126761,0.006329113924050633,0.4900387382401771,0.4900387382401771
oha,lto-fat_opt-3_panic-unwind,fat,3,unwind,A@4,12251,7126,5125,0.18496449269447393,0.0014692678148722554,0,2248,158,0,3614,3354,0,1771,,0.7878113879003559,0.0,0.0,0.4900387382401771,0.4900387382401771
oha,lto-fat_opt-3_panic-unwind,fat,3,unwind,A@5,12251,7126,5125,0.18496449269447393,0.0014692678148722554,0,2248,158,0,3614,3354,0,1771,,0.7878113879003559,0.0,0.0,0.4900387382401771,0.4900387382401771
oha,lto-fat_opt-3_panic-unwind,fat,3,unwind,A@6,12251,7126,5125,0.18496449269447393,0.0014692678148722554,0,2248,158,0,3614,3354,0,1771,,0.7878113879003559,0.0,0.0,0.4900387382401771,0.4900387382401771
oha,lto-fat_opt-3_panic-unwind,fat,3,unwind,B@1,12251,7126,5125,0.18496449269447393,0.0,25,2241,158,0,3614,3354,20,1771,0.8,0.7902721999107541,0.12658227848101267,0.12658227848101267,0.4900387382401771,0.4900387382401771
oha,lto-fat_opt-3_panic-unwind,fat,3,unwind,B@2,12251,7126,5125,0.18496449269447393,0.0010611378662966288,12,2241,158,0,3614,3354,8,1771,0.6666666666666666,0.7902721999107541,0.0547945205479452,0.05063291139240506,0.4900387382401771,0.4900387382401771
oha,lto-fat_opt-3_panic-unwind,fat,3,unwind,B@3,12251,7126,5125,0.18496449269447393,0.0018773977634478818,2,2241,158,0,3614,3354,2,1771,1.0,0.7902721999107541,0.014285714285714285,0.012658227848101266,0.4900387382401771,0.4900387382401771
oha,lto-fat_opt-3_panic-unwind,fat,3,unwind,B@4,12251,7126,5125,0.18496449269447393,0.001959023753163007,1,2241,158,0,3614,3354,1,1771,1.0,0.7902721999107541,0.007194244604316547,0.006329113924050633,0.4900387382401771,0.4900387382401771
oha,lto-fat_opt-3_panic-unwind,fat,3,unwind,B@5,12251,7126,5125,0.18496449269447393,0.001959023753163007,1,2241,158,0,3614,3354,1,1771,1.0,0.7902721999107541,0.007194244604316547,0.006329113924050633,0.4900387382401771,0.4900387382401771
oha,lto-fat_opt-3_panic-unwind,fat,3,unwind,B@6,12251,7126,5125,0.18496449269447393,0.001959023753163007,1,2241,158,0,3614,3354,1,1771,1.0,0.7902721999107541,0.007194244604316547,0.006329113924050633,0.4900387382401771,0.4900387382401771
oha,lto-fat_opt-3_panic-unwind,fat,3,unwind,C@0.10,12251,7126,5125,0.18496449269447393,0.0,88,2178,158,0,3614,3354,73,1765,0.8295454545454546,0.810376492194674,0.4620253164556962,0.4620253164556962,0.48837852794687325,0.48837852794687325
oha,lto-fat_opt-3_panic-unwind,fat,3,unwind,C@0.20,12251,7126,5125,0.18496449269447393,0.0,84,2182,158,0,3614,3354,69,1765,0.8214285714285714,0.8088909257561869,0.43670886075949367,0.43670886075949367,0.48837852794687325,0.48837852794687325
oha,lto-fat_opt-3_panic-unwind,fat,3,unwind,C@0.30,12251,7126,5125,0.18496449269447393,0.0,76,2190,158,0,3614,3354,63,1767,0.8289473684210527,0.8068493150684931,0.3987341772151899,0.3987341772151899,0.4889319313779745,0.4889319313779745
oha,lto-fat_opt-3_panic-unwind,fat,3,unwind,C@0.40,12251,7126,5125,0.18496449269447393,0.0,62,2204,158,0,3614,3354,57,1771,0.9193548387096774,0.8035390199637024,0.36075949367088606,0.36075949367088606,0.4900387382401771,0.4900387382401771
oha,lto-fat_opt-3_panic-unwind,fat,3,unwind,C@0.50,12251,7126,5125,0.18496449269447393,0.0,48,2218,158,0,3614,3354,43,1771,0.8958333333333334,0.7984670874661858,0.2721518987341772,0.2721518987341772,0.4900387382401771,0.4900387382401771
oha,lto-fat_opt-3_panic-unwind,fat,3,unwind,C@0.60,12251,7126,5125,0.18496449269447393,0.0,37,2229,158,0,3614,3354,32,1771,0.8648648648648649,0.7945266935845671,0.20253164556962025,0.20253164556962025,0.4900387382401771,0.4900387382401771
oha,lto-fat_opt-3_panic-unwind,fat,3,unwind,C@0.70,12251,7126,5125,0.18496449269447393,0.0,25,2241,158,0,3614,3354,24,1771,0.96,0.7902721999107541,0.1518987341772152,0.1518987341772152,0.4900387382401771,0.4900387382401771
oha,lto-fat_opt-3_panic-unwind,fat,3,unwind,C@0.80,12251,7126,5125,0.18496449269447393,0.0,21,2245,158,0,3614,3354,20,1771,0.9523809523809523,0.7888641425389755,0.12658227848101267,0.12658227848101267,0.4900387382401771,0.4900387382401771
oha,lto-fat_opt-3_panic-unwind,fat,3,unwind,C@0.90,12251,7126,5125,0.18496449269447393,0.0,18,2248,158,0,3614,3354,17,1771,0.9444444444444444,0.7878113879003559,0.10759493670886076,0.10759493670886076,0.4900387382401771,0.4900387382401771
oha,lto-fat_opt-z_panic-abort,fat,z,abort,A@1,14653,8340,6313,0.10632634955299256,0.0,35,1523,145,0,4594,3601,24,1067,0.6857142857142857,0.7005909389363099,0.16551724137931034,0.16551724137931034,0.2322594688724423,0.2322594688724423
oha,lto-fat_opt-z_panic-abort,fat,z,abort,A@2,14653,8340,6313,0.10632634955299256,0.0016378898519074593,11,1523,145,0,4594,3601,11,1067,1.0,0.7005909389363099,0.08333333333333333,0.07586206896551724,0.2322594688724423,0.2322594688724423
oha,lto-fat_opt-z_panic-abort,fat,z,abort,A@3,14653,8340,6313,0.10632634955299256,0.002115607725380468,4,1523,145,0,4594,3601,4,1067,1.0,0.7005909389363099,0.032,0.027586206896551724,0.2322594688724423,0.2322594688724423
oha,lto-fat_opt-z_panic-abort,fat,z,abort,A@4,14653,8340,6313,0.10632634955299256,0.0021838531358766124,3,1523,145,0,4594,3601,3,1067,1.0,0.7005909389363099,0.024193548387096774,0.020689655172413793,0.2322594688724423,0.2322594688724423
oha,lto-fat_opt-z_panic-abort,fat,z,abort,A@5,14653,8340,6313,0.10632634955299256,0.0023203439568689004,1,1523,145,0,4594,3601,1,1067,1.0,0.7005909389363099,0.00819672131147541,0.006896551724137931,0.2322594688724423,0.2322594688724423
oha,lto-fat_opt-z_panic-abort,fat,z,abort,A@6,14653,8340,6313,0.10632634955299256,0.0023203439568689004,1,1523,145,0,4594,3601,1,1067,1.0,0.7005909389363099,0.00819672131147541,0.006896551724137931,0.2322594688724423,0.2322594688724423
oha,lto-fat_opt-z_panic-abort,fat,z,abort,B@1,14653,8340,6313,0.10632634955299256,0.0,36,1522,145,0,4594,3601,25,1067,0.6944444444444444,0.7010512483574245,0.1724137931034483,0.1724137931034483,0.2322594688724423,0.2322594688724423
oha,lto-fat_opt-z_panic-abort,fat,z,abort,B@2,14653,8340,6313,0.10632634955299256,0.0016378898519074593,12,1522,145,0,4594,3601,12,1067,1.0,0.7010512483574245,0.09090909090909091,0.08275862068965517,0.2322594688724423,0.2322594688724423
oha,lto-fat_opt-z_panic-abort,fat,z,abort,B@3,14653,8340,6313,0.10632634955299256,0.0021838531358766124,4,1522,145,0,4594,3601,4,1067,1.0,0.7010512483574245,0.03225806451612903,0.027586206896551724,0.2322594688724423,0.2322594688724423
oha,lto-fat_opt-z_panic-abort,fat,z,abort,B@4,14653,8340,6313,0.10632634955299256,0.0022520985463727566,3,1522,145,0,4594,3601,3,1067,1.0,0.7010512483574245,0.024390243902439025,0.020689655172413793,0.2322594688724423,0.2322594688724423
oha,lto-fat_opt-z_panic-abort,fat,z,abort,B@5,14653,8340,6313,0.10632634955299256,0.0023885893673650446,1,1522,145,0,4594,3601,1,1067,1.0,0.7010512483574245,0.008264462809917356,0.006896551724137931,0.2322594688724423,0.2322594688724423
oha,lto-fat_opt-z_panic-abort,fat,z,abort,B@6,14653,8340,6313,0.10632634955299256,0.0023885893673650446,1,1522,145,0,4594,3601,1,1067,1.0,0.7010512483574245,0.008264462809917356,0.006896551724137931,0.2322594688724423,0.2322594688724423
oha,lto-fat_opt-z_panic-abort,fat,z,abort,C@0.10,14653,8340,6313,0.10632634955299256,0.0,79,1479,145,0,4594,3601,62,1061,0.7848101265822784,0.7173766058147397,0.42758620689655175,0.42758620689655175,0.2309534175010884,0.2309534175010884
oha,lto-fat_opt-z_panic-abort,fat,z,abort,C@0.20,14653,8340,6313,0.10632634955299256,0.0,78,1480,145,0,4594,3601,61,1061,0.782051282051282,0.7168918918918918,0.4206896551724138,0.4206896551724138,0.2309534175010884,0.2309534175010884
oha,lto-fat_opt-z_panic-abort,fat,z,abort,C@0.30,14653,8340,6313,0.10632634955299256,0.0,76,1482,145,0,4594,3601,60,1062,0.7894736842105263,0.7165991902834008,0.41379310344827586,0.41379310344827586,0.23117109272964736,0.23117109272964736
oha,lto-fat_opt-z_panic-abort,fat,z,abort,C@0.40,14653,8340,6313,0.10632634955299256,0.0,69,1489,145,0,4594,3601,55,1064,0.7971014492753623,0.7145735392881128,0.3793103448275862,0.3793103448275862,0.23160644318676535,0.23160644318676535
oha,lto-fat_opt-z_panic-abort,fat,z,abort,C@0.50,14653,8340,6313,0.10632634955299256,0.0,62,1496,145,0,4594,3601,48,1064,0.7741935483870968,0.7112299465240641,0.3310344827586207,0.3310344827586207,0.23160644318676535,0.23160644318676535
oha,lto-fat_opt-z_panic-abort,fat,z,abort,C@0.60,14653,8340,6313,0.10632634955299256,0.0,58,1500,145,0,4594,3601,44,1064,0.7586206896551724,0.7093333333333334,0.30344827586206896,0.30344827586206896,0.23160644318676535,0.23160644318676535
oha,lto-fat_opt-z_panic-abort,fat,z,abort,C@0.70,14653,8340,6313,0.10632634955299256,0.0,45,1513,145,0,4594,3601,34,1067,0.7555555555555555,0.70522141440846,0.23448275862068965,0.23448275862068965,0.2322594688724423,0.2322594688724423
oha,lto-fat_opt-z_panic-abort,fat,z,abort,C@0.80,14653,8340,6313,0.10632634955299256,0.0,40,1518,145,0,4594,3601,29,1067,0.725,0.7028985507246377,0.2,0.2,0.2322594688724423,0.2322594688724423
oha,lto-fat_opt-z_panic-abort,fat,z,abort,C@0.90,14653,8340,6313,0.10632634955299256,0.0,35,1523,145,0,4594,3601,24,1067,0.6857142857142857,0.7005909389363099,0.16551724137931034,0.16551724137931034,0.2322594688724423,0.2322594688724423
oha,lto-fat_opt-z_panic-unwind,fat,z,unwind,A@1,15658,9341,6317,0.10186486141269639,0.0,35,1560,147,0,4682,4512,24,1097,0.6857142857142857,0.7032051282051283,0.16326530612244897,0.16326530612244897,0.2343015805211448,0.2343015805211448
oha,lto-fat_opt-z_panic-unwind,fat,z,unwind,A@2,15658,9341,6317,0.10186486141269639,0.001532762804955933,11,1560,147,0,4682,4512,11,1097,1.0,0.7032051282051283,0.08208955223880597,0.07482993197278912,0.2343015805211448,0.2343015805211448
oha,lto-fat_opt-z_panic-unwind,fat,z,unwind,A@3,15658,9341,6317,0.10186486141269639,0.00197981862306808,4,1560,147,0,4682,4512,4,1097,1.0,0.7032051282051283,0.031496062992125984,0.027210884353741496,0.2343015805211448,0.2343015805211448
oha,lto-fat_opt-z_panic-unwind,fat,z,unwind,A@4,15658,9341,6317,0.10186486141269639,0.0020436837399412443,3,1560,147,0,4682,4512,3,1097,1.0,0.7032051282051283,0.023809523809523808,0.02040816326530612,0.2343015805211448,0.2343015805211448
oha,lto-fat_opt-z_panic-unwind,fat,z,unwind,A@5,15658,9341,6317,0.10186486141269639,0.002171413973687572,1,1560,147,0,4682,4512,1,1097,1.0,0.7032051282051283,0.008064516129032258,0.006802721088435374,0.2343015805211448,0.2343015805211448
oha,lto-fat_opt-z_panic-unwind,fat,z,unwind,A@6,15658,9341,6317,0.10186486141269639,0.002171413973687572,1,1560,147,0,4682,4512,1,1097,1.0,0.7032051282051283,0.008064516129032258,0.006802721088435374,0.2343015805211448,0.2343015805211448
oha,lto-fat_opt-z_panic-unwind,fat,z,unwind,B@1,15658,9341,6317,0.10186486141269639,0.0,36,1559,147,0,4682,4512,25,1097,0.6944444444444444,0.7036561898652983,0.17006802721088435,0.17006802721088435,0.2343015805211448,0.2343015805211448
oha,lto-fat_opt-z_panic-unwind,fat,z,unwind,B@2,15658,9341,6317,0.10186486141269639,0.001532762804955933,12,1559,147,0,4682,4512,12,1097,1.0,0.7036561898652983,0.08955223880597014,0.08163265306122448,0.2343015805211448,0.2343015805211448
oha,lto-fat_opt-z_panic-unwind,fat,z,unwind,B@3,15658,9341,6317,0.10186486141269639,0.0020436837399412443,4,1559,147,0,4682,4512,4,1097,1.0,0.7036561898652983,0.031746031746031744,0.027210884353741496,0.2343015805211448,0.2343015805211448
oha,lto-fat_opt-z_panic-unwind,fat,z,unwind,B@4,15658,9341,6317,0.10186486141269639,0.002107548856814408,3,1559,147,0,4682,4512,3,1097,1.0,0.7036561898652983,0.024,0.02040816326530612,0.2343015805211448,0.2343015805211448
oha,lto-fat_opt-z_panic-unwind,fat,z,unwind,B@5,15658,9341,6317,0.10186486141269639,0.0022352790905607357,1,1559,147,0,4682,4512,1,1097,1.0,0.7036561898652983,0.008130081300813009,0.006802721088435374,0.2343015805211448,0.2343015805211448
oha,lto-fat_opt-z_panic-unwind,fat,z,unwind,B@6,15658,9341,6317,0.10186486141269639,0.0022352790905607357,1,1559,147,0,4682,4512,1,1097,1.0,0.7036561898652983,0.008130081300813009,0.006802721088435374,0.2343015805211448,0.2343015805211448
oha,lto-fat_opt-z_panic-unwind,fat,z,unwind,C@0.10,15658,9341,6317,0.10186486141269639,0.0,80,1515,147,0,4682,4512,63,1091,0.7875,0.7201320132013201,0.42857142857142855,0.42857142857142855,0.23302007689021786,0.23302007689021786
oha,lto-fat_opt-z_panic-unwind,fat,z,unwind,C@0.20,15658,9341,6317,0.10186486141269639,0.0,79,1516,147,0,4682,4512,62,1091,0.7848101265822784,0.7196569920844327,0.4217687074829932,0.4217687074829932,0.23302007689021786,0.23302007689021786
oha,lto-fat_opt-z_panic-unwind,fat,z,unwind,C@0.30,15658,9341,6317,0.10186486141269639,0.0,77,1518,147,0,4682,4512,61,1092,0.7922077922077922,0.7193675889328063,0.41496598639455784,0.41496598639455784,0.23323366082870567,0.23323366082870567
oha,lto-fat_opt-z_panic-unwind,fat,z,unwind,C@0.40,15658,9341,6317,0.10186486141269639,0.0,69,1526,147,0,4682,4512,55,1094,0.7971014492753623,0.7169069462647444,0.3741496598639456,0.3741496598639456,0.23366082870568133,0.23366082870568133
oha,lto-fat_opt-z_panic-unwind,fat,z,unwind,C@0.50,15658,9341,6317,0.10186486141269639,0.0,63,1532,147,0,4682,4512,49,1094,0.7777777777777778,0.7140992167101827,0.3333333333333333,0.3333333333333333,0.23366082870568133,0.23366082870568133
oha,lto-fat_opt-z_panic-unwind,fat,z,unwind,C@0.60,15658,9341,6317,0.10186486141269639,0.0,58,1537,147,0,4682,4512,44,1094,0.7586206896551724,0.7117761873780091,0.29931972789115646,0.29931972789115646,0.23366082870568133,0.23366082870568133
oha,lto-fat_opt-z_panic-unwind,fat,z,unwind,C@0.70,15658,9341,6317,0.10186486141269639,0.0,46,1549,147,0,4682,4512,35,1097,0.7608695652173914,0.7081988379599742,0.23809523809523808,0.23809523809523808,0.2343015805211448,0.2343015805211448
oha,lto-fat_opt-z_panic-unwind,fat,z,unwind,C@0.80,15658,9341,6317,0.10186486141269639,0.0,40,1555,147,0,4682,4512,29,1097,0.725,0.7054662379421222,0.19727891156462585,0.19727891156462585,0.2343015805211448,0.2343015805211448
oha,lto-fat_opt-z_panic-unwind,fat,z,unwind,C@0.90,15658,9341,6317,0.10186486141269639,0.0,35,1560,147,0,4682,4512,24,1097,0.6857142857142857,0.7032051282051283,0.16326530612244897,0.16326530612244897,0.2343015805211448,0.2343015805211448
oha,lto-thin_opt-3_panic-abort,thin,3,abort,A@1,12765,7472,5293,0.19146102624363495,0.0,15,2429,159,0,4554,2759,14,1915,0.9333333333333333,0.7883902840675175,0.0880503144654088,0.0880503144654088,0.4205094422485727,0.4205094422485727
oha,lto-thin_opt-3_panic-abort,thin,3,abort,A@2,12765,7472,5293,0.19146102624363495,0.0009400705052878966,3,2429,159,0,4554,2759,3,1915,1.0,0.7883902840675175,0.02027027027027027,0.018867924528301886,0.4205094422485727,0.4205094422485727
oha,lto-thin_opt-3_panic-abort,thin,3,abort,A@3,12765,7472,5293,0.19146102624363495,0.001018409714061888,2,2429,159,0,4554,2759,2,1915,1.0,0.7883902840675175,0.013605442176870748,0.012578616352201259,0.4205094422485727,0.4205094422485727
oha,lto-thin_opt-3_panic-abort,thin,3,abort,A@4,12765,7472,5293,0.19146102624363495,0.0010967489228358794,1,2429,159,0,4554,2759,1,1915,1.0,0.7883902840675175,0.00684931506849315,0.006289308176100629,0.4205094422485727,0.4205094422485727
oha,lto-thin_opt-3_panic-abort,thin,3,abort,A@5,12765,7472,5293,0.19146102624363495,0.0010967489228358794,1,2429,159,0,4554,2759,1,1915,1.0,0.7883902840675175,0.00684931506849315,0.006289308176100629,0.4205094422485727,0.4205094422485727
oha,lto-thin_opt-3_panic-abort,thin,3,abort,A@6,12765,7472,5293,0.19146102624363495,0.0010967489228358794,1,2429,159,0,4554,2759,1,1915,1.0,0.7883902840675175,0.00684931506849315,0.006289308176100629,0.4205094422485727,0.4205094422485727
oha,lto-thin_opt-3_panic-abort,thin,3,abort,B@1,12765,7472,5293,0.19146102624363495,0.0,23,2421,159,0,4554,2759,18,1915,0.782608695652174,0.7909954564229658,0.11320754716981132,0.11320754716981132,0.4205094422485727,0.4205094422485727
oha,lto-thin_opt-3_panic-abort,thin,3,abort,B@2,12765,7472,5293,0.19146102624363495,0.0009400705052878966,11,2421,159,0,4554,2759,7,1915,0.6363636363636364,0.7909954564229658,0.0472972972972973,0.0440251572327044,0.4205094422485727,0.4205094422485727
oha,lto-thin_opt-3_panic-abort,thin,3,abort,B@3,12765,7472,5293,0.19146102624363495,0.0014884449667058363,4,2421,159,0,4554,2759,4,1915,1.0,0.7909954564229658,0.027586206896551724,0.025157232704402517,0.4205094422485727,0.4205094422485727
oha,lto-thin_opt-3_panic-abort,thin,3,abort,B@4,12765,7472,5293,0.19146102624363495,0.001645123384253819,2,2421,159,0,4554,2759,2,1915,1.0,0.7909954564229658,0.013986013986013986,0.012578616352201259,0.4205094422485727,0.4205094422485727
oha,lto-thin_opt-3_panic-abort,thin,3,abort,B@5,12765,7472,5293,0.19146102624363495,0.001645123384253819,2,2421,159,0,4554,2759,2,1915,1.0,0.7909954564229658,0.013986013986013986,0.012578616352201259,0.4205094422485727,0.4205094422485727
oha,lto-thin_opt-3_panic-abort,thin,3,abort,B@6,12765,7472,5293,0.19146102624363495,0.001645123384253819,2,2421,159,0,4554,2759,2,1915,1.0,0.7909954564229658,0.013986013986013986,0.012578616352201259,0.4205094422485727,0.4205094422485727
oha,lto-thin_opt-3_panic-abort,thin,3,abort,C@0.10,12765,7472,5293,0.19146102624363495,0.0,87,2357,159,0,4554,2759,71,1908,0.8160919540229885,0.8095036062791684,0.44654088050314467,0.44654088050314467,0.4189723320158103,0.4189723320158103
oha,lto-thin_opt-3_panic-abort,thin,3,abort,C@0.20,12765,7472,5293,0.19146102624363495,0.0,83,2361,159,0,4554,2759,67,1908,0.8072289156626506,0.8081321473951716,0.42138364779874216,0.42138364779874216,0.4189723320158103,0.4189723320158103
oha,lto-thin_opt-3_panic-abort,thin,3,abort,C@0.30,12765,7472,5293,0.19146102624363495,0.0,74,2370,159,0,4554,2759,60,1910,0.8108108108108109,0.8059071729957806,0.37735849056603776,0.37735849056603776,0.4194115063680281,0.4194115063680281
oha,lto-thin_opt-3_panic-abort,thin,3,abort,C@0.40,12765,7472,5293,0.19146102624363495,0.0,61,2383,159,0,4554,2759,53,1912,0.8688524590163934,0.8023499790180445,0.3333333333333333,0.3333333333333333,0.41985068072024595,0.41985068072024595
oha,lto-thin_opt-3_panic-abort,thin,3,abort,C@0.50,12765,7472,5293,0.19146102624363495,0.0,46,2398,159,0,4554,2759,39,1913,0.8478260869565217,0.7977481234361968,0.24528301886792453,0.24528301886792453,0.4200702678963549,0.4200702678963549
oha,lto-thin_opt-3_panic-abort,thin,3,abort,C@0.60,12765,7472,5293,0.19146102624363495,0.0,33,2411,159,0,4554,2759,28,1915,0.8484848484848485,0.7942762339278308,0.1761006289308176,0.1761006289308176,0.4205094422485727,0.4205094422485727
oha,lto-thin_opt-3_panic-abort,thin,3,abort,C@0.70,12765,7472,5293,0.19146102624363495,0.0,20,2424,159,0,4554,2759,19,1915,0.95,0.790016501650165,0.11949685534591195,0.11949685534591195,0.4205094422485727,0.4205094422485727
oha,lto-thin_opt-3_panic-abort,thin,3,abort,C@0.80,12765,7472,5293,0.19146102624363495,0.0,18,2426,159,0,4554,2759,17,1915,0.9444444444444444,0.7893652102225887,0.1069182389937107,0.1069182389937107,0.4205094422485727,0.4205094422485727
oha,lto-thin_opt-3_panic-abort,thin,3,abort,C@0.90,12765,7472,5293,0.19146102624363495,0.0,15,2429,159,0,4554,2759,14,1915,0.9333333333333333,0.7883902840675175,0.0880503144654088,0.0880503144654088,0.4205094422485727,0.4205094422485727
oha,lto-thin_opt-3_panic-unwind,thin,3,unwind,A@1,14316,9017,5299,0.17623637887678123,0.0,20,2503,171,0,4665,4181,19,1946,0.95,0.7774670395525369,0.1111111111111111,0.1111111111111111,0.41714898177920684,0.41714898177920684
oha,lto-thin_opt-3_panic-unwind,thin,3,unwind,A@2,14316,9017,5299,0.17623637887678123,0.0009779267951941883,6,2503,171,0,4665,4181,6,1946,1.0,0.7774670395525369,0.0379746835443038,0.03508771929824561,0.41714898177920684,0.41714898177920684
oha,lto-thin_opt-3_panic-unwind,thin,3,unwind,A@3,14316,9017,5299,0.17623637887678123,0.0012573344509639564,2,2503,171,0,4665,4181,2,1946,1.0,0.7774670395525369,0.012987012987012988,0.011695906432748537,0.41714898177920684,0.41714898177920684
oha,lto-thin_opt-3_panic-unwind,thin,3,unwind,A@4,14316,9017,5299,0.17623637887678123,0.0013271863649063984,1,2503,171,0,4665,4181,1,1946,1.0,0.7774670395525369,0.006535947712418301,0.005847953216374269,0.41714898177920684,0.41714898177920684
oha,lto-thin_opt-3_panic-unwind,thin,3,unwind,A@5,14316,9017,5299,0.17623637887678123,0.0013271863649063984,1,2503,171,0,4665,4181,1,1946,1.0,0.7774670395525369,0.006535947712418301,0.005847953216374269,0.41714898177920684,0.41714898177920684
oha,lto-thin_opt-3_panic-unwind,thin,3,unwind,A@6,14316,9017,5299,0.17623637887678123,0.0013271863649063984,1,2503,171,0,4665,4181,1,1946,1.0,0.7774670395525369,0.006535947712418301,0.005847953216374269,0.41714898177920684,0.41714898177920684
oha,lto-thin_opt-3_panic-unwind,thin,3,unwind,B@1,14316,9017,5299,0.17623637887678123,0.0,27,2496,171,0,4665,4181,22,1946,0.8148148148148148,0.7796474358974359,0.1286549707602339,0.1286549707602339,0.41714898177920684,0.41714898177920684
oha,lto-thin_opt-3_panic-unwind,thin,3,unwind,B@2,14316,9017,5299,0.17623637887678123,0.0009779267951941883,13,2496,171,0,4665,4181,9,1946,0.6923076923076923,0.7796474358974359,0.056962025316455694,0.05263157894736842,0.41714898177920684,0.41714898177920684
oha,lto-thin_opt-3_panic-unwind,thin,3,unwind,B@3,14316,9017,5299,0.17623637887678123,0.0016764459346186086,3,2496,171,0,4665,4181,3,1946,1.0,0.7796474358974359,0.019736842105263157,0.017543859649122806,0.41714898177920684,0.41714898177920684
oha,lto-thin_opt-3_panic-unwind,thin,3,unwind,B@4,14316,9017,5299,0.17623637887678123,0.0017462978485610506,2,2496,171,0,4665,4181,2,1946,1.0,0.7796474358974359,0.013245033112582781,0.011695906432748537,0.41714898177920684,0.41714898177920684
oha,lto-thin_opt-3_panic-unwind,thin,3,unwind,B@5,14316,9017,5299,0.17623637887678123,0.0017462978485610506,2,2496,171,0,4665,4181,2,1946,1.0,0.7796474358974359,0.013245033112582781,0.011695906432748537,0.41714898177920684,0.41714898177920684
oha,lto-thin_opt-3_panic-unwind,thin,3,unwind,B@6,14316,9017,5299,0.17623637887678123,0.0017462978485610506,2,2496,171,0,4665,4181,2,1946,1.0,0.7796474358974359,0.013245033112582781,0.011695906432748537,0.41714898177920684,0.41714898177920684
oha,lto-thin_opt-3_panic-unwind,thin,3,unwind,C@0.10,14316,9017,5299,0.17623637887678123,0.0,91,2432,171,0,4665,4181,76,1940,0.8351648351648352,0.7976973684210527,0.4444444444444444,0.4444444444444444,0.41586280814576637,0.41586280814576637
oha,lto-thin_opt-3_panic-unwind,thin,3,unwind,C@0.20,14316,9017,5299,0.17623637887678123,0.0,84,2439,171,0,4665,4181,71,1942,0.8452380952380952,0.7962279622796228,0.4152046783625731,0.4152046783625731,0.4162915326902465,0.4162915326902465
oha,lto-thin_opt-3_panic-unwind,thin,3,unwind,C@0.30,14316,9017,5299,0.17623637887678123,0.0,78,2445,171,0,4665,4181,65,1942,0.8333333333333334,0.7942740286298569,0.38011695906432746,0.38011695906432746,0.4162915326902465,0.4162915326902465
oha,lto-thin_opt-3_panic-unwind,thin,3,unwind,C@0.40,14316,9017,5299,0.17623637887678123,0.0,63,2460,171,0,4665,4181,58,1946,0.9206349206349206,0.7910569105691057,0.3391812865497076,0.3391812865497076,0.41714898177920684,0.41714898177920684
oha,lto-thin_opt-3_panic-unwind,thin,3,unwind,C@0.50,14316,9017,5299,0.17623637887678123,0.0,50,2473,171,0,4665,4181,45,1946,0.9,0.7868985038414881,0.2631578947368421,0.2631578947368421,0.41714898177920684,0.41714898177920684
oha,lto-thin_opt-3_panic-unwind,thin,3,unwind,C@0.60,14316,9017,5299,0.17623637887678123,0.0,39,2484,171,0,4665,4181,34,1946,0.8717948717948718,0.78341384863124,0.19883040935672514,0.19883040935672514,0.41714898177920684,0.41714898177920684
oha,lto-thin_opt-3_panic-unwind,thin,3,unwind,C@0.70,14316,9017,5299,0.17623637887678123,0.0,27,2496,171,0,4665,4181,26,1946,0.9629629629629629,0.7796474358974359,0.15204678362573099,0.15204678362573099,0.41714898177920684,0.41714898177920684
oha,lto-thin_opt-3_panic-unwind,thin,3,unwind,C@0.80,14316,9017,5299,0.17623637887678123,0.0,23,2500,171,0,4665,4181,22,1946,0.9565217391304348,0.7784,0.1286549707602339,0.1286549707602339,0.41714898177920684,0.41714898177920684
oha,lto-thin_opt-3_panic-unwind,thin,3,unwind,C@0.90,14316,9017,5299,0.17623637887678123,0.0,20,2503,171,0,4665,4181,19,1946,0.95,0.7774670395525369,0.1111111111111111,0.1111111111111111,0.41714898177920684,0.41714898177920684
oha,lto-thin_opt-z_panic-abort,thin,z,abort,A@1,22632,15963,6669,0.09698656769176388,0.0,70,2125,182,0,9044,6737,34,1478,0.4857142857142857,0.6955294117647058,0.18681318681318682,0.18681318681318682,0.16342326404245908,0.16342326404245908
oha,lto-thin_opt-z_panic-abort,thin,z,abort,A@2,22632,15963,6669,0.09698656769176388,0.002297631671968894,18,2125,182,0,9044,6737,16,1478,0.8888888888888888,0.6955294117647058,0.0975609756097561,0.08791208791208792,0.16344133583987613,0.16342326404245908
oha,lto-thin_opt-z_panic-abort,thin,z,abort,A@3,22632,15963,6669,0.09698656769176388,0.0027836691410392366,7,2125,182,0,9044,6737,6,1478,0.8571428571428571,0.6955294117647058,0.03896103896103896,0.03296703296703297,0.16345941163459413,0.16342326404245908
oha,lto-thin_opt-z_panic-abort,thin,z,abort,A@4,22632,15963,6669,0.09698656769176388,0.002872039589961117,5,2125,182,0,9044,6737,4,1478,0.8,0.6955294117647058,0.02631578947368421,0.02197802197802198,0.16345941163459413,0.16342326404245908
oha,lto-thin_opt-z_panic-abort,thin,z,abort,A@5,22632,15963,6669,0.09698656769176388,0.0029604100388829976,3,2125,182,0,9044,6737,2,1478,0.6666666666666666,0.6955294117647058,0.013333333333333334,0.01098901098901099,0.16345941163459413,0.16342326404245908
oha,lto-thin_opt-z_panic-abort,thin,z,abort,A@6,22632,15963,6669,0.09698656769176388,0.0029604100388829976,3,2125,182,0,9044,6737,2,1478,0.6666666666666666,0.6955294117647058,0.013333333333333334,0.01098901098901099,0.16345941163459413,0.16342326404245908
oha,lto-thin_opt-z_panic-abort,thin,z,abort,B@1,22632,15963,6669,0.09698656769176388,0.0,72,2123,182,0,9044,6737,36,1478,0.5,0.6961846443711729,0.1978021978021978,0.1978021978021978,0.16342326404245908,0.16342326404245908
oha,lto-thin_opt-z_panic-abort,thin,z,abort,B@2,22632,15963,6669,0.09698656769176388,0.002297631671968894,20,2123,182,0,9044,6737,18,1478,0.9,0.6961846443711729,0.10975609756097561,0.0989010989010989,0.16344133583987613,0.16342326404245908
oha,lto-thin_opt-z_panic-abort,thin,z,abort,B@3,22632,15963,6669,0.09698656769176388,0.002827854365500177,8,2123,182,0,9044,6737,7,1478,0.875,0.6961846443711729,0.0457516339869281,0.038461538461538464,0.16345941163459413,0.16342326404245908
oha,lto-thin_opt-z_panic-abort,thin,z,abort,B@4,22632,15963,6669,0.09698656769176388,0.0029604100388829976,5,2123,182,0,9044,6737,4,1478,0.8,0.6961846443711729,0.02666666666666667,0.02197802197802198,0.16345941163459413,0.16342326404245908
oha,lto-thin_opt-z_panic-abort,thin,z,abort,B@5,22632,15963,6669,0.09698656769176388,0.003048780487804878,3,2123,182,0,9044,6737,2,1478,0.6666666666666666,0.6961846443711729,0.013513513513513514,0.01098901098901099,0.16345941163459413,0.16342326404245908
oha,lto-thin_opt-z_panic-abort,thin,z,abort,B@6,22632,15963,6669,0.09698656769176388,0.003048780487804878,3,2123,182,0,9044,6737,2,1478,0.6666666666666666,0.6961846443711729,0.013513513513513514,0.01098901098901099,0.16345941163459413,0.16342326404245908
oha,lto-thin_opt-z_panic-abort,thin,z,abort,C@0.10,22632,15963,6669,0.09698656769176388,0.0,111,2084,182,0,9044,6737,71,1478,0.6396396396396397,0.7092130518234165,0.3901098901098901,0.3901098901098901,0.16342326404245908,0.16342326404245908
oha,lto-thin_opt-z_panic-abort,thin,z,abort,C@0.20,22632,15963,6669,0.09698656769176388,0.0,111,2084,182,0,9044,6737,71,1478,0.6396396396396397,0.7092130518234165,0.3901098901098901,0.3901098901098901,0.16342326404245908,0.16342326404245908
oha,lto-thin_opt-z_panic-abort,thin,z,abort,C@0.30,22632,15963,6669,0.09698656769176388,0.0,110,2085,182,0,9044,6737,70,1478,0.6363636363636364,0.708872901678657,0.38461538461538464,0.38461538461538464,0.16342326404245908,0.16342326404245908
oha,lto-thin_opt-z_panic-abort,thin,z,abort,C@0.40,22632,15963,6669,0.09698656769176388,0.0,105,2090,182,0,9044,6737,65,1478,0.6190476190476191,0.707177033492823,0.35714285714285715,0.35714285714285715,0.16342326404245908,0.16342326404245908
oha,lto-thin_opt-z_panic-abort,thin,z,abort,C@0.50,22632,15963,6669,0.09698656769176388,0.0,97,2098,182,0,9044,6737,57,1478,0.5876288659793815,0.7044804575786463,0.3131868131868132,0.3131868131868132,0.16342326404245908,0.16342326404245908
oha,lto-thin_opt-z_panic-abort,thin,z,abort,C@0.60,22632,15963,6669,0.09698656769176388,0.0,93,2102,182,0,9044,6737,53,1478,0.5698924731182796,0.70313986679353,0.29120879120879123,0.29120879120879123,0.16342326404245908,0.16342326404245908
oha,lto-thin_opt-z_panic-abort,thin,z,abort,C@0.70,22632,15963,6669,0.09698656769176388,0.0,83,2112,182,0,9044,6737,45,1478,0.5421686746987951,0.6998106060606061,0.24725274725274726,0.24725274725274726,0.16342326404245908,0.16342326404245908
oha,lto-thin_opt-z_panic-abort,thin,z,abort,C@0.80,22632,15963,6669,0.09698656769176388,0.0,74,2121,182,0,9044,6737,38,1478,0.5135135135135135,0.6968411126826969,0.2087912087912088,0.2087912087912088,0.16342326404245908,0.16342326404245908
oha,lto-thin_opt-z_panic-abort,thin,z,abort,C@0.90,22632,15963,6669,0.09698656769176388,0.0,70,2125,182,0,9044,6737,34,1478,0.4857142857142857,0.6955294117647058,0.18681318681318682,0.18681318681318682,0.16342326404245908,0.16342326404245908
oha,lto-thin_opt-z_panic-unwind,thin,z,unwind,A@1,23941,17272,6669,0.09377218996700222,0.0,70,2175,183,0,9203,7886,34,1525,0.4857142857142857,0.7011494252873564,0.18579234972677597,0.18579234972677597,0.16570683472780615,0.16570683472780615
oha,lto-thin_opt-z_panic-unwind,thin,z,unwind,A@2,23941,17272,6669,0.09377218996700222,0.002172006181863748,18,2175,183,0,9203,7886,16,1525,0.8888888888888888,0.7011494252873564,0.09696969696969697,0.08743169398907104,0.16572484242555965,0.16570683472780615
oha,lto-thin_opt-z_panic-unwind,thin,z,unwind,A@3,23941,17272,6669,0.09377218996700222,0.0026314690280272337,7,2175,183,0,9203,7886,6,1525,0.8571428571428571,0.7011494252873564,0.03870967741935484,0.03278688524590164,0.1657428540376046,0.16570683472780615
oha,lto-thin_opt-z_panic-unwind,thin,z,unwind,A@4,23941,17272,6669,0.09377218996700222,0.0027150077273296854,5,2175,183,0,9203,7886,4,1525,0.8,0.7011494252873564,0.026143790849673203,0.02185792349726776,0.1657428540376046,0.16570683472780615
oha,lto-thin_opt-z_panic-unwind,thin,z,unwind,A@5,23941,17272,6669,0.09377218996700222,0.0027985464266321375,3,2175,183,0,9203,7886,2,1525,0.6666666666666666,0.7011494252873564,0.013245033112582781,0.01092896174863388,0.1657428540376046,0.16570683472780615
oha,lto-thin_opt-z_panic-unwind,thin,z,unwind,A@6,23941,17272,6669,0.09377218996700222,0.0027985464266321375,3,2175,183,0,9203,7886,2,1525,0.6666666666666666,0.7011494252873564,0.013245033112582781,0.01092896174863388,0.1657428540376046,0.16570683472780615
oha,lto-thin_opt-z_panic-unwind,thin,z,unwind,B@1,23941,17272,6669,0.09377218996700222,0.0,72,2173,183,0,9203,7886,36,1525,0.5,0.7017947537965946,0.19672131147540983,0.19672131147540983,0.16570683472780615,0.16570683472780615
oha,lto-thin_opt-z_panic-unwind,thin,z,unwind,B@2,23941,17272,6669,0.09377218996700222,0.002172006181863748,20,2173,183,0,9203,7886,18,1525,0.9,0.7017947537965946,0.10909090909090909,0.09836065573770492,0.16572484242555965,0.16570683472780615
oha,lto-thin_opt-z_panic-unwind,thin,z,unwind,B@3,23941,17272,6669,0.09377218996700222,0.0026732383776784593,8,2173,183,0,9203,7886,7,1525,0.875,0.7017947537965946,0.045454545454545456,0.03825136612021858,0.1657428540376046,0.16570683472780615
oha,lto-thin_opt-z_panic-unwind,thin,z,unwind,B@4,23941,17272,6669,0.09377218996700222,0.0027985464266321375,5,2173,183,0,9203,7886,4,1525,0.8,0.7017947537965946,0.026490066225165563,0.02185792349726776,0.1657428540376046,0.16570683472780615
oha,lto-thin_opt-z_panic-unwind,thin,z,unwind,B@5,23941,17272,6669,0.09377218996700222,0.002882085125934589,3,2173,183,0,9203,7886,2,1525,0.6666666666666666,0.7017947537965946,0.013422818791946308,0.01092896174863388,0.1657428540376046,0.16570683472780615
oha,lto-thin_opt-z_panic-unwind,thin,z,unwind,B@6,23941,17272,6669,0.09377218996700222,0.002882085125934589,3,2173,183,0,9203,7886,2,1525,0.6666666666666666,0.7017947537965946,0.013422818791946308,0.01092896174863388,0.1657428540376046,0.16570683472780615
oha,lto-thin_opt-z_panic-unwind,thin,z,unwind,C@0.10,23941,17272,6669,0.09377218996700222,0.0,112,2133,183,0,9203,7886,72,1525,0.6428571428571429,0.7149554617909049,0.39344262295081966,0.39344262295081966,0.16570683472780615,0.16570683472780615
oha,lto-thin_opt-z_panic-unwind,thin,z,unwind,C@0.20,23941,17272,6669,0.09377218996700222,0.0,112,2133,183,0,9203,7886,72,1525,0.6428571428571429,0.7149554617909049,0.39344262295081966,0.39344262295081966,0.16570683472780615,0.16570683472780615
oha,lto-thin_opt-z_panic-unwind,thin,z,unwind,C@0.30,23941,17272,6669,0.09377218996700222,0.0,111,2134,183,0,9203,7886,71,1525,0.6396396396396397,0.7146204311152765,0.3879781420765027,0.3879781420765027,0.16570683472780615,0.16570683472780615
oha,lto-thin_opt-z_panic-unwind,thin,z,unwind,C@0.40,23941,17272,6669,0.09377218996700222,0.0,106,2139,183,0,9203,7886,66,1525,0.6226415094339622,0.7129499766245909,0.36065573770491804,0.36065573770491804,0.16570683472780615,0.16570683472780615
oha,lto-thin_opt-z_panic-unwind,thin,z,unwind,C@0.50,23941,17272,6669,0.09377218996700222,0.0,98,2147,183,0,9203,7886,58,1525,0.5918367346938775,0.7102934326967862,0.31693989071038253,0.31693989071038253,0.16570683472780615,0.16570683472780615
oha,lto-thin_opt-z_panic-unwind,thin,z,unwind,C@0.60,23941,17272,6669,0.09377218996700222,0.0,93,2152,183,0,9203,7886,53,1525,0.5698924731182796,0.7086431226765799,0.2896174863387978,0.2896174863387978,0.16570683472780615,0.16570683472780615
oha,lto-thin_opt-z_panic-unwind,thin,z,unwind,C@0.70,23941,17272,6669,0.09377218996700222,0.0,83,2162,183,0,9203,7886,45,1525,0.5421686746987951,0.7053654024051804,0.2459016393442623,0.2459016393442623,0.16570683472780615,0.16570683472780615
oha,lto-thin_opt-z_panic-unwind,thin,z,unwind,C@0.80,23941,17272,6669,0.09377218996700222,0.0,74,2171,183,0,9203,7886,38,1525,0.5135135135135135,0.7024412713035467,0.20765027322404372,0.20765027322404372,0.16570683472780615,0.16570683472780615
oha,lto-thin_opt-z_panic-unwind,thin,z,unwind,C@0.90,23941,17272,6669,0.09377218996700222,0.0,71,2174,183,0,9203,7886,35,1525,0.49295774647887325,0.7014719411223551,0.1912568306010929,0.1912568306010929,0.16570683472780615,0.16570683472780615
ripgrep,lto-fat_opt-3_panic-abort,fat,3,abort,A@1,3525,3423,102,0.2885106382978723,0.0,217,800,689,289,1083,1362,106,432,0.48847926267281105,0.54,0.15384615384615385,0.15384615384615385,0.3988919667590028,0.3988919667590028
ripgrep,lto-fat_opt-3_panic-abort,fat,3,abort,A@2,3525,3423,102,0.2885106382978723,0.030921985815602838,108,800,689,289,1083,1362,32,432,0.2962962962962963,0.54,0.05203252032520325,0.04644412191582003,0.3988919667590028,0.3988919667590028
ripgrep,lto-fat_opt-3_panic-abort,fat,3,abort,A@3,3525,3423,102,0.2885106382978723,0.04709219858156028,51,800,689,289,1083,1362,0,432,0.0,0.54,0.0,0.0,0.3988919667590028,0.3988919667590028
ripgrep,lto-fat_opt-3_panic-abort,fat,3,abort,A@4,3525,3423,102,0.2885106382978723,0.05219858156028369,33,800,689,289,1083,1362,0,432,0.0,0.54,0.0,0.0,0.3988919667590028,0.3988919667590028
ripgrep,lto-fat_opt-3_panic-abort,fat,3,abort,A@5,3525,3423,102,0.2885106382978723,0.05475177304964539,24,800,689,289,1083,1362,0,432,0.0,0.54,0.0,0.0,0.3988919667590028,0.3988919667590028
ripgrep,lto-fat_opt-3_panic-abort,fat,3,abort,A@6,3525,3423,102,0.2885106382978723,0.05617021276595745,19,800,689,289,1083,1362,0,432,0.0,0.54,0.0,0.0,0.3988919667590028,0.3988919667590028
ripgrep,lto-fat_opt-3_panic-abort,fat,3,abort,B@1,3525,3423,102,0.2885106382978723,0.0,250,767,689,289,1083,1362,118,432,0.472,0.5632333767926988,0.17126269956458637,0.17126269956458637,0.3988919667590028,0.3988919667590028
ripgrep,lto-fat_opt-3_panic-abort,fat,3,abort,B@2,3525,3423,102,0.2885106382978723,0.03205673758865248,137,767,689,289,1083,1362,44,432,0.32116788321167883,0.5632333767926988,0.07154471544715447,0.06386066763425254,0.3988919667590028,0.3988919667590028
ripgrep,lto-fat_opt-3_panic-abort,fat,3,abort,B@3,3525,3423,102,0.2885106382978723,0.05106382978723404,70,767,689,289,1083,1362,9,432,0.12857142857142856,0.5632333767926988,0.015517241379310345,0.013062409288824383,0.3988919667590028,0.3988919667590028
ripgrep,lto-fat_opt-3_panic-abort,fat,3,abort,B@4,3525,3423,102,0.2885106382978723,0.05872340425531915,43,767,689,289,1083,1362,8,432,0.18604651162790697,0.5632333767926988,0.013816925734024179,0.011611030478955007,0.3988919667590028,0.3988919667590028
ripgrep,lto-fat_opt-3_panic-abort,fat,3,abort,B@5,3525,3423,102,0.2885106382978723,0.061560283687943265,33,767,689,289,1083,1362,7,432,0.21212121212121213,0.5632333767926988,0.012110726643598616,0.010159651669085631,0.3988919667590028,0.3988919667590028
ripgrep,lto-fat_opt-3_panic-abort,fat,3,abort,B@6,3525,3423,102,0.2885106382978723,0.06297872340425532,28,767,689,289,1083,1362,7,432,0.25,0.5632333767926988,0.012110726643598616,0.010159651669085631,0.3988919667590028,0.3988919667590028
ripgrep,lto-fat_opt-3_panic-abort,fat,3,abort,C@0.10,3525,3423,102,0.2885106382978723,0.0,263,754,689,289,1083,1362,120,432,0.45627376425855515,0.5729442970822282,0.1741654571843251,0.1741654571843251,0.3988919667590028,0.3988919667590028
ripgrep,lto-fat_opt-3_panic-abort,fat,3,abort,C@0.20,3525,3423,102,0.2885106382978723,0.0,262,755,689,289,1083,1362,120,432,0.4580152671755725,0.5721854304635762,0.1741654571843251,0.1741654571843251,0.3988919667590028,0.3988919667590028
ripgrep,lto-fat_opt-3_panic-abort,fat,3,abort,C@0.30,3525,3423,102,0.2885106382978723,0.0,260,757,689,289,1083,1362,120,432,0.46153846153846156,0.570673712021136,0.1741654571843251,0.1741654571843251,0.3988919667590028,0.3988919667590028
ripgrep,lto-fat_opt-3_panic-abort,fat,3,abort,C@0.40,3525,3423,102,0.2885106382978723,0.0,254,763,689,289,1083,1362,119,432,0.468503937007874,0.5661861074705111,0.17271407837445574,0.17271407837445574,0.3988919667590028,0.3988919667590028
ripgrep,lto-fat_opt-3_panic-abort,fat,3,abort,C@0.50,3525,3423,102,0.2885106382978723,0.0,252,765,689,289,1083,1362,118,432,0.46825396825396826,0.5647058823529412,0.17126269956458637,0.17126269956458637,0.3988919667590028,0.3988919667590028
ripgrep,lto-fat_opt-3_panic-abort,fat,3,abort,C@0.60,3525,3423,102,0.2885106382978723,0.0,247,770,689,289,1083,1362,116,432,0.46963562753036436,0.561038961038961,0.1683599419448476,0.1683599419448476,0.3988919667590028,0.3988919667590028
ripgrep,lto-fat_opt-3_panic-abort,fat,3,abort,C@0.70,3525,3423,102,0.2885106382978723,0.0,235,782,689,289,1083,1362,115,432,0.48936170212765956,0.5524296675191815,0.16690856313497823,0.16690856313497823,0.3988919667590028,0.3988919667590028
ripgrep,lto-fat_opt-3_panic-abort,fat,3,abort,C@0.80,3525,3423,102,0.2885106382978723,0.0,229,788,689,289,1083,1362,113,432,0.49344978165938863,0.5482233502538071,0.16400580551523947,0.16400580551523947,0.3988919667590028,0.3988919667590028
ripgrep,lto-fat_opt-3_panic-abort,fat,3,abort,C@0.90,3525,3423,102,0.2885106382978723,0.0,224,793,689,289,1083,1362,111,432,0.4955357142857143,0.544766708701135,0.16110304789550073,0.16110304789550073,0.3988919667590028,0.3988919667590028
ripgrep,lto-fat_opt-3_panic-unwind,fat,3,unwind,A@1,3959,3855,104,0.25991411972720385,0.0,217,812,690,289,1093,1783,106,431,0.48847926267281105,0.5307881773399015,0.1536231884057971,0.1536231884057971,0.39432753888380606,0.39432753888380606
ripgrep,lto-fat_opt-3_panic-unwind,fat,3,unwind,A@2,3959,3855,104,0.25991411972720385,0.027279616064662792,109,812,690,289,1093,1783,34,431,0.3119266055045872,0.5307881773399015,0.05501618122977346,0.04927536231884058,0.39432753888380606,0.39432753888380606
ripgrep,lto-fat_opt-3_panic-unwind,fat,3,unwind,A@3,3959,3855,104,0.25991411972720385,0.041929780247537254,51,812,690,289,1093,1783,2,431,0.0392156862745098,0.5307881773399015,0.0034129692832764505,0.002898550724637681,0.39432753888380606,0.39432753888380606
ripgrep,lto-fat_opt-3_panic-unwind,fat,3,unwind,A@4,3959,3855,104,0.25991411972720385,0.046476382924981054,33,812,690,289,1093,1783,2,431,0.06060606060606061,0.5307881773399015,0.0034129692832764505,0.002898550724637681,0.39432753888380606,0.39432753888380606
ripgrep,lto-fat_opt-3_panic-unwind,fat,3,unwind,A@5,3959,3855,104,0.25991411972720385,0.04849709522606719,25,812,690,289,1093,1783,2,431,0.08,0.5307881773399015,0.0034129692832764505,0.002898550724637681,0.39432753888380606,0.39432753888380606
ripgrep,lto-fat_opt-3_panic-unwind,fat,3,unwind,A@6,3959,3855,104,0.25991411972720385,0.049760040414246025,20,812,690,289,1093,1783,2,431,0.1,0.5307881773399015,0.0034129692832764505,0.002898550724637681,0.39432753888380606,0.39432753888380606
ripgrep,lto-fat_opt-3_panic-unwind,fat,3,unwind,B@1,3959,3855,104,0.25991411972720385,0.0,246,783,690,289,1093,1783,114,431,0.4634146341463415,0.5504469987228607,0.16521739130434782,0.16521739130434782,0.39432753888380606,0.39432753888380606
ripgrep,lto-fat_opt-3_panic-unwind,fat,3,unwind,B@2,3959,3855,104,0.25991411972720385,0.028037383177570093,135,783,690,289,1093,1783,42,431,0.3111111111111111,0.5504469987228607,0.06796116504854369,0.06086956521739131,0.39432753888380606,0.39432753888380606
ripgrep,lto-fat_opt-3_panic-unwind,fat,3,unwind,B@3,3959,3855,104,0.25991411972720385,0.04546602677443799,66,783,690,289,1093,1783,7,431,0.10606060606060606,0.5504469987228607,0.012006861063464836,0.010144927536231883,0.39432753888380606,0.39432753888380606
ripgrep,lto-fat_opt-3_panic-unwind,fat,3,unwind,B@4,3959,3855,104,0.25991411972720385,0.05228593079060369,39,783,690,289,1093,1783,6,431,0.15384615384615385,0.5504469987228607,0.010309278350515464,0.008695652173913044,0.39432753888380606,0.39432753888380606
ripgrep,lto-fat_opt-3_panic-unwind,fat,3,unwind,B@5,3959,3855,104,0.25991411972720385,0.054559232129325584,30,783,690,289,1093,1783,5,431,0.16666666666666666,0.5504469987228607,0.008605851979345954,0.007246376811594203,0.39432753888380606,0.39432753888380606
ripgrep,lto-fat_opt-3_panic-unwind,fat,3,unwind,B@6,3959,3855,104,0.25991411972720385,0.05582217731750442,25,783,690,289,1093,1783,5,431,0.2,0.5504469987228607,0.008605851979345954,0.007246376811594203,0.39432753888380606,0.39432753888380606
ripgrep,lto-fat_opt-3_panic-unwind,fat,3,unwind,C@0.10,3959,3855,104,0.25991411972720385,0.0,261,768,690,289,1093,1783,118,431,0.4521072796934866,0.5611979166666666,0.17101449275362318,0.17101449275362318,0.39432753888380606,0.39432753888380606
ripgrep,lto-fat_opt-3_panic-unwind,fat,3,unwind,C@0.20,3959,3855,104,0.25991411972720385,0.0,261,768,690,289,1093,1783,118,431,0.4521072796934866,0.5611979166666666,0.17101449275362318,0.17101449275362318,0.39432753888380606,0.39432753888380606
ripgrep,lto-fat_opt-3_panic-unwind,fat,3,unwind,C@0.30,3959,3855,104,0.25991411972720385,0.0,257,772,690,289,1093,1783,117,431,0.45525291828793774,0.5582901554404145,0.16956521739130434,0.16956521739130434,0.39432753888380606,0.39432753888380606
ripgrep,lto-fat_opt-3_panic-unwind,fat,3,unwind,C@0.40,3959,3855,104,0.25991411972720385,0.0,255,774,690,289,1093,1783,117,431,0.4588235294117647,0.5568475452196382,0.16956521739130434,0.16956521739130434,0.39432753888380606,0.39432753888380606
ripgrep,lto-fat_opt-3_panic-unwind,fat,3,unwind,C@0.50,3959,3855,104,0.25991411972720385,0.0,251,778,690,289,1093,1783,115,431,0.4581673306772908,0.5539845758354756,0.16666666666666666,0.16666666666666666,0.39432753888380606,0.39432753888380606
ripgrep,lto-fat_opt-3_panic-unwind,fat,3,unwind,C@0.60,3959,3855,104,0.25991411972720385,0.0,244,785,690,289,1093,1783,111,431,0.45491803278688525,0.5490445859872611,0.1608695652173913,0.1608695652173913,0.39432753888380606,0.39432753888380606
ripgrep,lto-fat_opt-3_panic-unwind,fat,3,unwind,C@0.70,3959,3855,104,0.25991411972720385,0.0,230,799,690,289,1093,1783,110,431,0.4782608695652174,0.5394242803504381,0.15942028985507245,0.15942028985507245,0.39432753888380606,0.39432753888380606
ripgrep,lto-fat_opt-3_panic-unwind,fat,3,unwind,C@0.80,3959,3855,104,0.25991411972720385,0.0,223,806,690,289,1093,1783,109,431,0.48878923766816146,0.5347394540942928,0.15797101449275364,0.15797101449275364,0.39432753888380606,0.39432753888380606
ripgrep,lto-fat_opt-3_panic-unwind,fat,3,unwind,C@0.90,3959,3855,104,0.25991411972720385,0.0,222,807,690,289,1093,1783,109,431,0.49099099099099097,0.5340768277571252,0.15797101449275364,0.15797101449275364,0.39432753888380606,0.39432753888380606
ripgrep,lto-fat_opt-z_panic-abort,fat,z,abort,A@1,4993,4757,236,0.2126977768876427,0.0,221,841,711,419,1446,2181,49,489,0.22171945701357465,0.5814506539833532,0.06891701828410689,0.06891701828410689,0.3381742738589212,0.3381742738589212
ripgrep,lto-fat_opt-z_panic-abort,fat,z,abort,A@2,4993,4757,236,0.2126977768876427,0.025435609853795314,94,841,711,419,1446,2181,10,489,0.10638297872340426,0.5814506539833532,0.01488095238095238,0.014064697609001406,0.3381742738589212,0.3381742738589212
ripgrep,lto-fat_opt-z_panic-abort,fat,z,abort,A@3,4993,4757,236,0.2126977768876427,0.031644302022831965,63,841,711,419,1446,2181,5,489,0.07936507936507936,0.5814506539833532,0.0074962518740629685,0.007032348804500703,0.3381742738589212,0.3381742738589212
ripgrep,lto-fat_opt-z_panic-abort,fat,z,abort,A@4,4993,4757,236,0.2126977768876427,0.034448227518525935,49,841,711,419,1446,2181,5,489,0.10204081632653061,0.5814506539833532,0.0074962518740629685,0.007032348804500703,0.3381742738589212,0.3381742738589212
ripgrep,lto-fat_opt-z_panic-abort,fat,z,abort,A@5,4993,4757,236,0.2126977768876427,0.034448227518525935,49,841,711,419,1446,2181,5,489,0.10204081632653061,0.5814506539833532,0.0074962518740629685,0.007032348804500703,0.3381742738589212,0.3381742738589212
ripgrep,lto-fat_opt-z_panic-abort,fat,z,abort,A@6,4993,4757,236,0.2126977768876427,0.03825355497696775,30,841,711,419,1446,2181,5,489,0.16666666666666666,0.5814506539833532,0.0074962518740629685,0.007032348804500703,0.3381742738589212,0.3381742738589212
ripgrep,lto-fat_opt-z_panic-abort,fat,z,abort,B@1,4993,4757,236,0.2126977768876427,0.0,231,831,711,419,1446,2181,50,489,0.21645021645021645,0.5884476534296029,0.07032348804500703,0.07032348804500703,0.3381742738589212,0.3381742738589212
ripgrep,lto-fat_opt-z_panic-abort,fat,z,abort,B@2,4993,4757,236,0.2126977768876427,0.025635890246344883,103,831,711,419,1446,2181,11,489,0.10679611650485436,0.5884476534296029,0.01636904761904762,0.015471167369901548,0.3381742738589212,0.3381742738589212
ripgrep,lto-fat_opt-z_panic-abort,fat,z,abort,B@3,4993,4757,236,0.2126977768876427,0.03304626477067895,66,831,711,419,1446,2181,6,489,0.09090909090909091,0.5884476534296029,0.008995502248875561,0.008438818565400843,0.3381742738589212,0.3381742738589212
ripgrep,lto-fat_opt-z_panic-abort,fat,z,abort,B@4,4993,4757,236,0.2126977768876427,0.036050470658922494,51,831,711,419,1446,2181,6,489,0.11764705882352941,0.5884476534296029,0.008995502248875561,0.008438818565400843,0.3381742738589212,0.3381742738589212
ripgrep,lto-fat_opt-z_panic-abort,fat,z,abort,B@5,4993,4757,236,0.2126977768876427,0.036050470658922494,51,831,711,419,1446,2181,6,489,0.11764705882352941,0.5884476534296029,0.008995502248875561,0.008438818565400843,0.3381742738589212,0.3381742738589212
ripgrep,lto-fat_opt-z_panic-abort,fat,z,abort,B@6,4993,4757,236,0.2126977768876427,0.03985579811736431,32,831,711,419,1446,2181,6,489,0.1875,0.5884476534296029,0.008995502248875561,0.008438818565400843,0.3381742738589212,0.3381742738589212
ripgrep,lto-fat_opt-z_panic-abort,fat,z,abort,C@0.10,4993,4757,236,0.2126977768876427,0.0,239,823,711,419,1446,2181,55,489,0.2301255230125523,0.5941676792223572,0.07735583684950774,0.07735583684950774,0.3381742738589212,0.3381742738589212
ripgrep,lto-fat_opt-z_panic-abort,fat,z,abort,C@0.20,4993,4757,236,0.2126977768876427,0.0,237,825,711,419,1446,2181,55,489,0.2320675105485232,0.5927272727272728,0.07735583684950774,0.07735583684950774,0.3381742738589212,0.3381742738589212
ripgrep,lto-fat_opt-z_panic-abort,fat,z,abort,C@0.30,4993,4757,236,0.2126977768876427,0.0,236,826,711,419,1446,2181,54,489,0.2288135593220339,0.5920096852300242,0.0759493670886076,0.0759493670886076,0.3381742738589212,0.3381742738589212
ripgrep,lto-fat_opt-z_panic-abort,fat,z,abort,C@0.40,4993,4757,236,0.2126977768876427,0.0,235,827,711,419,1446,2181,54,489,0.2297872340425532,0.5912938331318017,0.0759493670886076,0.0759493670886076,0.3381742738589212,0.3381742738589212
ripgrep,lto-fat_opt-z_panic-abort,fat,z,abort,C@0.50,4993,4757,236,0.2126977768876427,0.0,233,829,711,419,1446,2181,53,489,0.22746781115879827,0.5898673100120627,0.07454289732770746,0.07454289732770746,0.3381742738589212,0.3381742738589212
ripgrep,lto-fat_opt-z_panic-abort,fat,z,abort,C@0.60,4993,4757,236,0.2126977768876427,0.0,230,832,711,419,1446,2181,53,489,0.23043478260869565,0.5877403846153846,0.07454289732770746,0.07454289732770746,0.3381742738589212,0.3381742738589212
ripgrep,lto-fat_opt-z_panic-abort,fat,z,abort,C@0.70,4993,4757,236,0.2126977768876427,0.0,227,835,711,419,1446,2181,53,489,0.23348017621145375,0.5856287425149701,0.07454289732770746,0.07454289732770746,0.3381742738589212,0.3381742738589212
ripgrep,lto-fat_opt-z_panic-abort,fat,z,abort,C@0.80,4993,4757,236,0.2126977768876427,0.0,224,838,711,419,1446,2181,52,489,0.23214285714285715,0.5835322195704057,0.07313642756680731,0.07313642756680731,0.3381742738589212,0.3381742738589212
ripgrep,lto-fat_opt-z_panic-abort,fat,z,abort,C@0.90,4993,4757,236,0.2126977768876427,0.0,222,840,711,419,1446,2181,50,489,0.22522522522522523,0.5821428571428572,0.07032348804500703,0.07032348804500703,0.3381742738589212,0.3381742738589212
ripgrep,lto-fat_opt-z_panic-unwind,fat,z,unwind,A@1,5306,5067,239,0.2027892951375801,0.0,221,855,713,423,1456,2475,50,495,0.22624434389140272,0.5789473684210527,0.07012622720897616,0.07012622720897616,0.3399725274725275,0.3399725274725275
ripgrep,lto-fat_opt-z_panic-unwind,fat,z,unwind,A@2,5306,5067,239,0.2027892951375801,0.023746701846965697,95,855,713,423,1456,2475,11,495,0.11578947368421053,0.5789473684210527,0.016320474777448073,0.015427769985974754,0.3399725274725275,0.3399725274725275
ripgrep,lto-fat_opt-z_panic-unwind,fat,z,unwind,A@3,5306,5067,239,0.2027892951375801,0.02958914436486996,64,855,713,423,1456,2475,6,495,0.09375,0.5789473684210527,0.008968609865470852,0.008415147265077139,0.3399725274725275,0.3399725274725275
ripgrep,lto-fat_opt-z_panic-unwind,fat,z,unwind,A@4,5306,5067,239,0.2027892951375801,0.032227666792310594,50,855,713,423,1456,2475,6,495,0.12,0.5789473684210527,0.008968609865470852,0.008415147265077139,0.3399725274725275,0.3399725274725275
ripgrep,lto-fat_opt-z_panic-unwind,fat,z,unwind,A@5,5306,5067,239,0.2027892951375801,0.032227666792310594,50,855,713,423,1456,2475,6,495,0.12,0.5789473684210527,0.008968609865470852,0.008415147265077139,0.3399725274725275,0.3399725274725275
ripgrep,lto-fat_opt-z_panic-unwind,fat,z,unwind,A@6,5306,5067,239,0.2027892951375801,0.03580851865812288,31,855,713,423,1456,2475,6,495,0.1935483870967742,0.5789473684210527,0.008968609865470852,0.008415147265077139,0.3399725274725275,0.3399725274725275
ripgrep,lto-fat_opt-z_panic-unwind,fat,z,unwind,B@1,5306,5067,239,0.2027892951375801,0.0,231,845,713,423,1456,2475,51,495,0.22077922077922077,0.5857988165680473,0.07152875175315568,0.07152875175315568,0.3399725274725275,0.3399725274725275
ripgrep,lto-fat_opt-z_panic-unwind,fat,z,unwind,B@2,5306,5067,239,0.2027892951375801,0.02393516773464003,104,845,713,423,1456,2475,12,495,0.11538461538461539,0.5857988165680473,0.017804154302670624,0.016830294530154277,0.3399725274725275,0.3399725274725275
ripgrep,lto-fat_opt-z_panic-unwind,fat,z,unwind,B@3,5306,5067,239,0.2027892951375801,0.030908405578590276,67,845,713,423,1456,2475,7,495,0.1044776119402985,0.5857988165680473,0.01046337817638266,0.009817671809256662,0.3399725274725275,0.3399725274725275
ripgrep,lto-fat_opt-z_panic-unwind,fat,z,unwind,B@4,5306,5067,239,0.2027892951375801,0.03373539389370524,52,845,713,423,1456,2475,7,495,0.1346153846153846,0.5857988165680473,0.01046337817638266,0.009817671809256662,0.3399725274725275,0.3399725274725275
ripgrep,lto-fat_opt-z_panic-unwind,fat,z,unwind,B@5,5306,5067,239,0.2027892951375801,0.03392385978137957,51,845,713,423,1456,2475,6,495,0.11764705882352941,0.5857988165680473,0.008982035928143712,0.008415147265077139,0.3399725274725275,0.3399725274725275
ripgrep,lto-fat_opt-z_panic-unwind,fat,z,unwind,B@6,5306,5067,239,0.2027892951375801,0.03750471164719186,32,845,713,423,1456,2475,6,495,0.1875,0.5857988165680473,0.008982035928143712,0.008415147265077139,0.3399725274725275,0.3399725274725275
ripgrep,lto-fat_opt-z_panic-unwind,fat,z,unwind,C@0.10,5306,5067,239,0.2027892951375801,0.0,239,837,713,423,1456,2475,56,495,0.23430962343096234,0.5913978494623656,0.0785413744740533,0.0785413744740533,0.3399725274725275,0.3399725274725275
ripgrep,lto-fat_opt-z_panic-unwind,fat,z,unwind,C@0.20,5306,5067,239,0.2027892951375801,0.0,238,838,713,423,1456,2475,56,495,0.23529411764705882,0.5906921241050119,0.0785413744740533,0.0785413744740533,0.3399725274725275,0.3399725274725275
ripgrep,lto-fat_opt-z_panic-unwind,fat,z,unwind,C@0.30,5306,5067,239,0.2027892951375801,0.0,236,840,713,423,1456,2475,55,495,0.2330508474576271,0.5892857142857143,0.07713884992987377,0.07713884992987377,0.3399725274725275,0.3399725274725275
ripgrep,lto-fat_opt-z_panic-unwind,fat,z,unwind,C@0.40,5306,5067,239,0.2027892951375801,0.0,236,840,713,423,1456,2475,55,495,0.2330508474576271,0.5892857142857143,0.07713884992987377,0.07713884992987377,0.3399725274725275,0.3399725274725275
ripgrep,lto-fat_opt-z_panic-unwind,fat,z,unwind,C@0.50,5306,5067,239,0.2027892951375801,0.0,235,841,713,423,1456,2475,55,495,0.23404255319148937,0.5885850178359097,0.07713884992987377,0.07713884992987377,0.3399725274725275,0.3399725274725275
ripgrep,lto-fat_opt-z_panic-unwind,fat,z,unwind,C@0.60,5306,5067,239,0.2027892951375801,0.0,229,847,713,423,1456,2475,53,495,0.2314410480349345,0.5844155844155844,0.07433380084151472,0.07433380084151472,0.3399725274725275,0.3399725274725275
ripgrep,lto-fat_opt-z_panic-unwind,fat,z,unwind,C@0.70,5306,5067,239,0.2027892951375801,0.0,226,850,713,423,1456,2475,53,495,0.2345132743362832,0.5823529411764706,0.07433380084151472,0.07433380084151472,0.3399725274725275,0.3399725274725275
ripgrep,lto-fat_opt-z_panic-unwind,fat,z,unwind,C@0.80,5306,5067,239,0.2027892951375801,0.0,223,853,713,423,1456,2475,52,495,0.23318385650224216,0.5803048065650644,0.0729312762973352,0.0729312762973352,0.3399725274725275,0.3399725274725275
ripgrep,lto-fat_opt-z_panic-unwind,fat,z,unwind,C@0.90,5306,5067,239,0.2027892951375801,0.0,222,854,713,423,1456,2475,51,495,0.22972972972972974,0.5796252927400468,0.07152875175315568,0.07152875175315568,0.3399725274725275,0.3399725274725275
ripgrep,lto-thin_opt-3_panic-abort,thin,3,abort,A@1,4007,3843,164,0.2737709009233841,0.0,222,875,689,330,1230,1594,106,479,0.4774774774774775,0.5474285714285714,0.15384615384615385,0.15384615384615385,0.38943089430894307,0.38943089430894307
ripgrep,lto-thin_opt-3_panic-abort,thin,3,abort,A@2,4007,3843,164,0.2737709009233841,0.028699775393062142,107,875,689,330,1230,1594,31,479,0.2897196261682243,0.5474285714285714,0.050488599348534204,0.04499274310595065,0.38943089430894307,0.38943089430894307
ripgrep,lto-thin_opt-3_panic-abort,thin,3,abort,A@3,4007,3843,164,0.2737709009233841,0.042924881457449465,50,875,689,330,1230,1594,0,479,0.0,0.5474285714285714,0.0,0.0,0.38943089430894307,0.38943089430894307
ripgrep,lto-thin_opt-3_panic-abort,thin,3,abort,A@4,4007,3843,164,0.2737709009233841,0.047417020214624406,32,875,689,330,1230,1594,0,479,0.0,0.5474285714285714,0.0,0.0,0.38943089430894307,0.38943089430894307
ripgrep,lto-thin_opt-3_panic-abort,thin,3,abort,A@5,4007,3843,164,0.2737709009233841,0.04991265285749938,22,875,689,330,1230,1594,0,479,0.0,0.5474285714285714,0.0,0.0,0.38943089430894307,0.38943089430894307
ripgrep,lto-thin_opt-3_panic-abort,thin,3,abort,A@6,4007,3843,164,0.2737709009233841,0.05116046917893686,17,875,689,330,1230,1594,0,479,0.0,0.5474285714285714,0.0,0.0,0.38943089430894307,0.38943089430894307
ripgrep,lto-thin_opt-3_panic-abort,thin,3,abort,B@1,4007,3843,164,0.2737709009233841,0.0,263,834,689,330,1230,1594,118,479,0.44866920152091255,0.5743405275779376,0.17126269956458637,0.17126269956458637,0.38943089430894307,0.38943089430894307
ripgrep,lto-thin_opt-3_panic-abort,thin,3,abort,B@2,4007,3843,164,0.2737709009233841,0.031195408035937112,138,834,689,330,1230,1594,43,479,0.3115942028985507,0.5743405275779376,0.07003257328990228,0.062409288824383166,0.38943089430894307,0.38943089430894307
ripgrep,lto-thin_opt-3_panic-abort,thin,3,abort,B@3,4007,3843,164,0.2737709009233841,0.0476665834789119,72,834,689,330,1230,1594,10,479,0.1388888888888889,0.5743405275779376,0.01721170395869191,0.01451378809869376,0.38943089430894307,0.38943089430894307
ripgrep,lto-thin_opt-3_panic-abort,thin,3,abort,B@4,4007,3843,164,0.2737709009233841,0.054654354878961815,44,834,689,330,1230,1594,8,479,0.18181818181818182,0.5743405275779376,0.013816925734024179,0.011611030478955007,0.38943089430894307,0.38943089430894307
ripgrep,lto-thin_opt-3_panic-abort,thin,3,abort,B@5,4007,3843,164,0.2737709009233841,0.05764911405041178,32,834,689,330,1230,1594,6,479,0.1875,0.5743405275779376,0.010398613518197574,0.008708272859216255,0.38943089430894307,0.38943089430894307
ripgrep,lto-thin_opt-3_panic-abort,thin,3,abort,B@6,4007,3843,164,0.2737709009233841,0.05889693037184927,27,834,689,330,1230,1594,6,479,0.2222222222222222,0.5743405275779376,0.010398613518197574,0.008708272859216255,0.38943089430894307,0.38943089430894307
ripgrep,lto-thin_opt-3_panic-abort,thin,3,abort,C@0.10,4007,3843,164,0.2737709009233841,0.0,276,821,689,330,1230,1594,120,479,0.43478260869565216,0.5834348355663824,0.1741654571843251,0.1741654571843251,0.38943089430894307,0.38943089430894307
ripgrep,lto-thin_opt-3_panic-abort,thin,3,abort,C@0.20,4007,3843,164,0.2737709009233841,0.0,274,823,689,330,1230,1594,120,479,0.43795620437956206,0.5820170109356014,0.1741654571843251,0.1741654571843251,0.38943089430894307,0.38943089430894307
ripgrep,lto-thin_opt-3_panic-abort,thin,3,abort,C@0.30,4007,3843,164,0.2737709009233841,0.0,272,825,689,330,1230,1594,120,479,0.4411764705882353,0.5806060606060606,0.1741654571843251,0.1741654571843251,0.38943089430894307,0.38943089430894307
ripgrep,lto-thin_opt-3_panic-abort,thin,3,abort,C@0.40,4007,3843,164,0.2737709009233841,0.0,263,834,689,330,1230,1594,120,479,0.45627376425855515,0.5743405275779376,0.1741654571843251,0.1741654571843251,0.38943089430894307,0.38943089430894307
ripgrep,lto-thin_opt-3_panic-abort,thin,3,abort,C@0.50,4007,3843,164,0.2737709009233841,0.0,260,837,689,330,1230,1594,118,479,0.45384615384615384,0.5722819593787336,0.17126269956458637,0.17126269956458637,0.38943089430894307,0.38943089430894307
ripgrep,lto-thin_opt-3_panic-abort,thin,3,abort,C@0.60,4007,3843,164,0.2737709009233841,0.0,253,844,689,330,1230,1594,116,479,0.45849802371541504,0.5675355450236966,0.1683599419448476,0.1683599419448476,0.38943089430894307,0.38943089430894307
ripgrep,lto-thin_opt-3_panic-abort,thin,3,abort,C@0.70,4007,3843,164,0.2737709009233841,0.0,240,857,689,330,1230,1594,114,479,0.475,0.558926487747958,0.16545718432510886,0.16545718432510886,0.38943089430894307,0.38943089430894307
ripgrep,lto-thin_opt-3_panic-abort,thin,3,abort,C@0.80,4007,3843,164,0.2737709009233841,0.0,232,865,689,330,1230,1594,111,479,0.47844827586206895,0.553757225433526,0.16110304789550073,0.16110304789550073,0.38943089430894307,0.38943089430894307
ripgrep,lto-thin_opt-3_panic-abort,thin,3,abort,C@0.90,4007,3843,164,0.2737709009233841,0.0,223,874,689,330,1230,1594,107,479,0.4798206278026906,0.5480549199084668,0.15529753265602322,0.15529753265602322,0.38943089430894307,0.38943089430894307
ripgrep,lto-thin_opt-3_panic-unwind,thin,3,unwind,A@1,4456,4289,167,0.24708258527827648,0.0,230,871,690,334,1197,2068,106,465,0.4608695652173913,0.5338691159586682,0.1536231884057971,0.1536231884057971,0.38847117794486213,0.38847117794486213
ripgrep,lto-thin_opt-3_panic-unwind,thin,3,unwind,A@2,4456,4289,167,0.24708258527827648,0.026929982046678635,110,871,690,334,1197,2068,32,465,0.2909090909090909,0.5338691159586682,0.05194805194805195,0.0463768115942029,0.38847117794486213,0.38847117794486213
ripgrep,lto-thin_opt-3_panic-unwind,thin,3,unwind,A@3,4456,4289,167,0.24708258527827648,0.039946140035906644,52,871,690,334,1197,2068,2,465,0.038461538461538464,0.5338691159586682,0.0034129692832764505,0.002898550724637681,0.38847117794486213,0.38847117794486213
ripgrep,lto-thin_opt-3_panic-unwind,thin,3,unwind,A@4,4456,4289,167,0.24708258527827648,0.04398563734290844,34,871,690,334,1197,2068,2,465,0.058823529411764705,0.5338691159586682,0.0034129692832764505,0.002898550724637681,0.38847117794486213,0.38847117794486213
ripgrep,lto-thin_opt-3_panic-unwind,thin,3,unwind,A@5,4456,4289,167,0.24708258527827648,0.04600538599640933,25,871,690,334,1197,2068,2,465,0.08,0.5338691159586682,0.0034129692832764505,0.002898550724637681,0.38847117794486213,0.38847117794486213
ripgrep,lto-thin_opt-3_panic-unwind,thin,3,unwind,A@6,4456,4289,167,0.24708258527827648,0.047127468581687613,20,871,690,334,1197,2068,2,465,0.1,0.5338691159586682,0.0034129692832764505,0.002898550724637681,0.38847117794486213,0.38847117794486213
ripgrep,lto-thin_opt-3_panic-unwind,thin,3,unwind,B@1,4456,4289,167,0.24708258527827648,0.0,262,839,690,334,1197,2068,115,465,0.4389312977099237,0.5542312276519666,0.16666666666666666,0.16666666666666666,0.38847117794486213,0.38847117794486213
ripgrep,lto-thin_opt-3_panic-unwind,thin,3,unwind,B@2,4456,4289,167,0.24708258527827648,0.02827648114901257,136,839,690,334,1197,2068,40,465,0.29411764705882354,0.5542312276519666,0.06504065040650407,0.057971014492753624,0.38847117794486213,0.38847117794486213
ripgrep,lto-thin_opt-3_panic-unwind,thin,3,unwind,B@3,4456,4289,167,0.24708258527827648,0.04331238779174147,69,839,690,334,1197,2068,9,465,0.13043478260869565,0.5542312276519666,0.015410958904109588,0.013043478260869565,0.38847117794486213,0.38847117794486213
ripgrep,lto-thin_opt-3_panic-unwind,thin,3,unwind,B@4,4456,4289,167,0.24708258527827648,0.049820466786355475,40,839,690,334,1197,2068,6,465,0.15,0.5542312276519666,0.010327022375215147,0.008695652173913044,0.38847117794486213,0.38847117794486213
ripgrep,lto-thin_opt-3_panic-unwind,thin,3,unwind,B@5,4456,4289,167,0.24708258527827648,0.05206463195691203,30,839,690,334,1197,2068,5,465,0.16666666666666666,0.5542312276519666,0.008620689655172414,0.007246376811594203,0.38847117794486213,0.38847117794486213
ripgrep,lto-thin_opt-3_panic-unwind,thin,3,unwind,B@6,4456,4289,167,0.24708258527827648,0.0531867145421903,25,839,690,334,1197,2068,5,465,0.2,0.5542312276519666,0.008620689655172414,0.007246376811594203,0.38847117794486213,0.38847117794486213
ripgrep,lto-thin_opt-3_panic-unwind,thin,3,unwind,C@0.10,4456,4289,167,0.24708258527827648,0.0,275,826,690,334,1197,2068,117,465,0.4254545454545455,0.562953995157385,0.16956521739130434,0.16956521739130434,0.38847117794486213,0.38847117794486213
ripgrep,lto-thin_opt-3_panic-unwind,thin,3,unwind,C@0.20,4456,4289,167,0.24708258527827648,0.0,275,826,690,334,1197,2068,117,465,0.4254545454545455,0.562953995157385,0.16956521739130434,0.16956521739130434,0.38847117794486213,0.38847117794486213
ripgrep,lto-thin_opt-3_panic-unwind,thin,3,unwind,C@0.30,4456,4289,167,0.24708258527827648,0.0,271,830,690,334,1197,2068,117,465,0.4317343173431734,0.5602409638554217,0.16956521739130434,0.16956521739130434,0.38847117794486213,0.38847117794486213
ripgrep,lto-thin_opt-3_panic-unwind,thin,3,unwind,C@0.40,4456,4289,167,0.24708258527827648,0.0,268,833,690,334,1197,2068,116,465,0.43283582089552236,0.5582232893157263,0.1681159420289855,0.1681159420289855,0.38847117794486213,0.38847117794486213
ripgrep,lto-thin_opt-3_panic-unwind,thin,3,unwind,C@0.50,4456,4289,167,0.24708258527827648,0.0,266,835,690,334,1197,2068,116,465,0.43609022556390975,0.5568862275449101,0.1681159420289855,0.1681159420289855,0.38847117794486213,0.38847117794486213
ripgrep,lto-thin_opt-3_panic-unwind,thin,3,unwind,C@0.60,4456,4289,167,0.24708258527827648,0.0,256,845,690,334,1197,2068,111,465,0.43359375,0.5502958579881657,0.1608695652173913,0.1608695652173913,0.38847117794486213,0.38847117794486213
ripgrep,lto-thin_opt-3_panic-unwind,thin,3,unwind,C@0.70,4456,4289,167,0.24708258527827648,0.0,242,859,690,334,1197,2068,110,465,0.45454545454545453,0.5413271245634459,0.15942028985507245,0.15942028985507245,0.38847117794486213,0.38847117794486213
ripgrep,lto-thin_opt-3_panic-unwind,thin,3,unwind,C@0.80,4456,4289,167,0.24708258527827648,0.0,237,864,690,334,1197,2068,110,465,0.4641350210970464,0.5381944444444444,0.15942028985507245,0.15942028985507245,0.38847117794486213,0.38847117794486213
ripgrep,lto-thin_opt-3_panic-unwind,thin,3,unwind,C@0.90,4456,4289,167,0.24708258527827648,0.0,236,865,690,334,1197,2068,110,465,0.4661016949152542,0.5375722543352601,0.15942028985507245,0.15942028985507245,0.38847117794486213,0.38847117794486213
ripgrep,lto-thin_opt-z_panic-abort,thin,z,abort,A@1,7133,6776,357,0.17776531613626806,0.0,243,1025,710,519,1939,3608,48,579,0.19753086419753085,0.5648780487804878,0.0676056338028169,0.0676056338028169,0.2986075296544611,0.2986075296544611
ripgrep,lto-thin_opt-z_panic-abort,thin,z,abort,A@2,7133,6776,357,0.17776531613626806,0.019486891910836954,104,1025,710,519,1939,3608,8,579,0.07692307692307693,0.5648780487804878,0.011940298507462687,0.011267605633802818,0.2986075296544611,0.2986075296544611
ripgrep,lto-thin_opt-z_panic-abort,thin,z,abort,A@3,7133,6776,357,0.17776531613626806,0.02467405018926118,67,1025,710,519,1939,3608,4,579,0.05970149253731343,0.5648780487804878,0.006006006006006006,0.005633802816901409,0.2986075296544611,0.2986075296544611
ripgrep,lto-thin_opt-z_panic-abort,thin,z,abort,A@4,7133,6776,357,0.17776531613626806,0.02677695219402776,52,1025,710,519,1939,3608,4,579,0.07692307692307693,0.5648780487804878,0.006006006006006006,0.005633802816901409,0.2986075296544611,0.2986075296544611
ripgrep,lto-thin_opt-z_panic-abort,thin,z,abort,A@5,7133,6776,357,0.17776531613626806,0.027197532594981075,49,1025,710,519,1939,3608,4,579,0.08163265306122448,0.5648780487804878,0.006006006006006006,0.005633802816901409,0.2986075296544611,0.2986075296544611
ripgrep,lto-thin_opt-z_panic-abort,thin,z,abort,A@6,7133,6776,357,0.17776531613626806,0.029721015000700967,31,1025,710,519,1939,3608,4,579,0.12903225806451613,0.5648780487804878,0.006006006006006006,0.005633802816901409,0.2986075296544611,0.2986075296544611
ripgrep,lto-thin_opt-z_panic-abort,thin,z,abort,B@1,7133,6776,357,0.17776531613626806,0.0,251,1017,710,519,1939,3608,51,579,0.20318725099601595,0.5693215339233039,0.07183098591549296,0.07183098591549296,0.2986075296544611,0.2986075296544611
ripgrep,lto-thin_opt-z_panic-abort,thin,z,abort,B@2,7133,6776,357,0.17776531613626806,0.019627085377821395,111,1017,710,519,1939,3608,11,579,0.0990990990990991,0.5693215339233039,0.016417910447761194,0.015492957746478873,0.2986075296544611,0.2986075296544611
ripgrep,lto-thin_opt-z_panic-abort,thin,z,abort,B@3,7133,6776,357,0.17776531613626806,0.025234824057198936,71,1017,710,519,1939,3608,7,579,0.09859154929577464,0.5693215339233039,0.010510510510510511,0.009859154929577466,0.2986075296544611,0.2986075296544611
ripgrep,lto-thin_opt-z_panic-abort,thin,z,abort,B@4,7133,6776,357,0.17776531613626806,0.027337726061965512,56,1017,710,519,1939,3608,7,579,0.125,0.5693215339233039,0.010510510510510511,0.009859154929577466,0.2986075296544611,0.2986075296544611
ripgrep,lto-thin_opt-z_panic-abort,thin,z,abort,B@5,7133,6776,357,0.17776531613626806,0.027898499929903266,52,1017,710,519,1939,3608,6,579,0.11538461538461539,0.5693215339233039,0.009022556390977444,0.008450704225352112,0.2986075296544611,0.2986075296544611
ripgrep,lto-thin_opt-z_panic-abort,thin,z,abort,B@6,7133,6776,357,0.17776531613626806,0.03042198233562316,34,1017,710,519,1939,3608,6,579,0.17647058823529413,0.5693215339233039,0.009022556390977444,0.008450704225352112,0.2986075296544611,0.2986075296544611
ripgrep,lto-thin_opt-z_panic-abort,thin,z,abort,C@0.10,7133,6776,357,0.17776531613626806,0.0,254,1014,710,519,1939,3608,52,579,0.2047244094488189,0.5710059171597633,0.07323943661971831,0.07323943661971831,0.2986075296544611,0.2986075296544611
ripgrep,lto-thin_opt-z_panic-abort,thin,z,abort,C@0.20,7133,6776,357,0.17776531613626806,0.0,253,1015,710,519,1939,3608,52,579,0.20553359683794467,0.5704433497536946,0.07323943661971831,0.07323943661971831,0.2986075296544611,0.2986075296544611
ripgrep,lto-thin_opt-z_panic-abort,thin,z,abort,C@0.30,7133,6776,357,0.17776531613626806,0.0,253,1015,710,519,1939,3608,52,579,0.20553359683794467,0.5704433497536946,0.07323943661971831,0.07323943661971831,0.2986075296544611,0.2986075296544611
ripgrep,lto-thin_opt-z_panic-abort,thin,z,abort,C@0.40,7133,6776,357,0.17776531613626806,0.0,253,1015,710,519,1939,3608,52,579,0.20553359683794467,0.5704433497536946,0.07323943661971831,0.07323943661971831,0.2986075296544611,0.2986075296544611
ripgrep,lto-thin_opt-z_panic-abort,thin,z,abort,C@0.50,7133,6776,357,0.17776531613626806,0.0,253,1015,710,519,1939,3608,52,579,0.20553359683794467,0.5704433497536946,0.07323943661971831,0.07323943661971831,0.2986075296544611,0.2986075296544611
ripgrep,lto-thin_opt-z_panic-abort,thin,z,abort,C@0.60,7133,6776,357,0.17776531613626806,0.0,251,1017,710,519,1939,3608,52,579,0.20717131474103587,0.5693215339233039,0.07323943661971831,0.07323943661971831,0.2986075296544611,0.2986075296544611
ripgrep,lto-thin_opt-z_panic-abort,thin,z,abort,C@0.70,7133,6776,357,0.17776531613626806,0.0,246,1022,710,519,1939,3608,51,579,0.2073170731707317,0.5665362035225049,0.07183098591549296,0.07183098591549296,0.2986075296544611,0.2986075296544611
ripgrep,lto-thin_opt-z_panic-abort,thin,z,abort,C@0.80,7133,6776,357,0.17776531613626806,0.0,246,1022,710,519,1939,3608,51,579,0.2073170731707317,0.5665362035225049,0.07183098591549296,0.07183098591549296,0.2986075296544611,0.2986075296544611
ripgrep,lto-thin_opt-z_panic-abort,thin,z,abort,C@0.90,7133,6776,357,0.17776531613626806,0.0,243,1025,710,519,1939,3608,48,579,0.19753086419753085,0.5648780487804878,0.0676056338028169,0.0676056338028169,0.2986075296544611,0.2986075296544611
ripgrep,lto-thin_opt-z_panic-unwind,thin,z,unwind,A@1,7576,7214,362,0.16855860612460402,0.0,242,1035,712,525,1947,4030,48,583,0.19834710743801653,0.5632850241545894,0.06741573033707865,0.06741573033707865,0.2994350282485876,0.2994350282485876
ripgrep,lto-thin_opt-z_panic-unwind,thin,z,unwind,A@2,7576,7214,362,0.16855860612460402,0.018215417106652587,104,1035,712,525,1947,4030,8,583,0.07692307692307693,0.5632850241545894,0.011904761904761904,0.011235955056179775,0.2994350282485876,0.2994350282485876
ripgrep,lto-thin_opt-z_panic-unwind,thin,z,unwind,A@3,7576,7214,362,0.16855860612460402,0.023099260823653642,67,1035,712,525,1947,4030,4,583,0.05970149253731343,0.5632850241545894,0.005988023952095809,0.0056179775280898875,0.2994350282485876,0.2994350282485876
ripgrep,lto-thin_opt-z_panic-unwind,thin,z,unwind,A@4,7576,7214,362,0.16855860612460402,0.0250791974656811,52,1035,712,525,1947,4030,4,583,0.07692307692307693,0.5632850241545894,0.005988023952095809,0.0056179775280898875,0.2994350282485876,0.2994350282485876
ripgrep,lto-thin_opt-z_panic-unwind,thin,z,unwind,A@5,7576,7214,362,0.16855860612460402,0.02547518479408659,49,1035,712,525,1947,4030,4,583,0.08163265306122448,0.5632850241545894,0.005988023952095809,0.0056179775280898875,0.2994350282485876,0.2994350282485876
ripgrep,lto-thin_opt-z_panic-unwind,thin,z,unwind,A@6,7576,7214,362,0.16855860612460402,0.027851108764519534,31,1035,712,525,1947,4030,4,583,0.12903225806451613,0.5632850241545894,0.005988023952095809,0.0056179775280898875,0.2994350282485876,0.2994350282485876
ripgrep,lto-thin_opt-z_panic-unwind,thin,z,unwind,B@1,7576,7214,362,0.16855860612460402,0.0,250,1027,712,525,1947,4030,51,583,0.204,0.5676728334956183,0.07162921348314606,0.07162921348314606,0.2994350282485876,0.2994350282485876
ripgrep,lto-thin_opt-z_panic-unwind,thin,z,unwind,B@2,7576,7214,362,0.16855860612460402,0.01834741288278775,111,1027,712,525,1947,4030,11,583,0.0990990990990991,0.5676728334956183,0.01636904761904762,0.01544943820224719,0.2994350282485876,0.2994350282485876
ripgrep,lto-thin_opt-z_panic-unwind,thin,z,unwind,B@3,7576,7214,362,0.16855860612460402,0.0236272439281943,71,1027,712,525,1947,4030,7,583,0.09859154929577464,0.5676728334956183,0.010479041916167664,0.009831460674157303,0.2994350282485876,0.2994350282485876
ripgrep,lto-thin_opt-z_panic-unwind,thin,z,unwind,B@4,7576,7214,362,0.16855860612460402,0.025607180570221752,56,1027,712,525,1947,4030,7,583,0.125,0.5676728334956183,0.010479041916167664,0.009831460674157303,0.2994350282485876,0.2994350282485876
ripgrep,lto-thin_opt-z_panic-unwind,thin,z,unwind,B@5,7576,7214,362,0.16855860612460402,0.02613516367476241,52,1027,712,525,1947,4030,6,583,0.11538461538461539,0.5676728334956183,0.008995502248875561,0.008426966292134831,0.2994350282485876,0.2994350282485876
ripgrep,lto-thin_opt-z_panic-unwind,thin,z,unwind,B@6,7576,7214,362,0.16855860612460402,0.028511087645195353,34,1027,712,525,1947,4030,6,583,0.17647058823529413,0.5676728334956183,0.008995502248875561,0.008426966292134831,0.2994350282485876,0.2994350282485876
ripgrep,lto-thin_opt-z_panic-unwind,thin,z,unwind,C@0.10,7576,7214,362,0.16855860612460402,0.0,254,1023,712,525,1947,4030,53,583,0.20866141732283464,0.5698924731182796,0.07443820224719101,0.07443820224719101,0.2994350282485876,0.2994350282485876
ripgrep,lto-thin_opt-z_panic-unwind,thin,z,unwind,C@0.20,7576,7214,362,0.16855860612460402,0.0,254,1023,712,525,1947,4030,53,583,0.20866141732283464,0.5698924731182796,0.07443820224719101,0.07443820224719101,0.2994350282485876,0.2994350282485876
ripgrep,lto-thin_opt-z_panic-unwind,thin,z,unwind,C@0.30,7576,7214,362,0.16855860612460402,0.0,253,1024,712,525,1947,4030,53,583,0.20948616600790515,0.5693359375,0.07443820224719101,0.07443820224719101,0.2994350282485876,0.2994350282485876
ripgrep,lto-thin_opt-z_panic-unwind,thin,z,unwind,C@0.40,7576,7214,362,0.16855860612460402,0.0,253,1024,712,525,1947,4030,53,583,0.20948616600790515,0.5693359375,0.07443820224719101,0.07443820224719101,0.2994350282485876,0.2994350282485876
ripgrep,lto-thin_opt-z_panic-unwind,thin,z,unwind,C@0.50,7576,7214,362,0.16855860612460402,0.0,253,1024,712,525,1947,4030,53,583,0.20948616600790515,0.5693359375,0.07443820224719101,0.07443820224719101,0.2994350282485876,0.2994350282485876
ripgrep,lto-thin_opt-z_panic-unwind,thin,z,unwind,C@0.60,7576,7214,362,0.16855860612460402,0.0,252,1025,712,525,1947,4030,53,583,0.21031746031746032,0.568780487804878,0.07443820224719101,0.07443820224719101,0.2994350282485876,0.2994350282485876
ripgrep,lto-thin_opt-z_panic-unwind,thin,z,unwind,C@0.70,7576,7214,362,0.16855860612460402,0.0,248,1029,712,525,1947,4030,53,583,0.21370967741935484,0.5665694849368319,0.07443820224719101,0.07443820224719101,0.2994350282485876,0.2994350282485876
ripgrep,lto-thin_opt-z_panic-unwind,thin,z,unwind,C@0.80,7576,7214,362,0.16855860612460402,0.0,246,1031,712,525,1947,4030,52,583,0.21138211382113822,0.565470417070805,0.07303370786516854,0.07303370786516854,0.2994350282485876,0.2994350282485876
ripgrep,lto-thin_opt-z_panic-unwind,thin,z,unwind,C@0.90,7576,7214,362,0.16855860612460402,0.0,242,1035,712,525,1947,4030,48,583,0.19834710743801653,0.5632850241545894,0.06741573033707865,0.06741573033707865,0.2994350282485876,0.2994350282485876
starship,lto-fat_opt-3_panic-abort,fat,3,abort,A@1,10329,10040,289,0.4055571691354439,0.0,15,4174,1078,0,5884,3078,15,3262,1.0,0.7815045519885002,0.013914656771799629,0.013914656771799629,0.5543847722637661,0.5543847722637661
starship,lto-fat_opt-3_panic-abort,fat,3,abort,A@2,10329,10040,289,0.4055571691354439,0.0011617775196049957,3,4174,1078,0,5884,3078,3,3262,1.0,0.7815045519885002,0.0028142589118198874,0.0027829313543599257,0.5543847722637661,0.5543847722637661
starship,lto-fat_opt-3_panic-abort,fat,3,abort,A@3,10329,10040,289,0.4055571691354439,0.0012585923129054119,2,4174,1078,0,5884,3078,2,3262,1.0,0.7815045519885002,0.0018779342723004694,0.0018552875695732839,0.5543847722637661,0.5543847722637661
starship,lto-fat_opt-3_panic-abort,fat,3,abort,A@4,10329,10040,289,0.4055571691354439,0.0013554071062058283,1,4174,1078,0,5884,3078,1,3262,1.0,0.7815045519885002,0.0009398496240601503,0.0009276437847866419,0.5543847722637661,0.5543847722637661
starship,lto-fat_opt-3_panic-abort,fat,3,abort,A@5,10329,10040,289,0.4055571691354439,0.0014522218995062445,0,4174,1078,0,5884,3078,0,3262,,0.7815045519885002,0.0,0.0,0.5543847722637661,0.5543847722637661
starship,lto-fat_opt-3_panic-abort,fat,3,abort,A@6,10329,10040,289,0.4055571691354439,0.0014522218995062445,0,4174,1078,0,5884,3078,0,3262,,0.7815045519885002,0.0,0.0,0.5543847722637661,0.5543847722637661
starship,lto-fat_opt-3_panic-abort,fat,3,abort,B@1,10329,10040,289,0.4055571691354439,0.0,26,4163,1078,0,5884,3078,18,3262,0.6923076923076923,0.7835695411962527,0.016697588126159554,0.016697588126159554,0.5543847722637661,0.5543847722637661
starship,lto-fat_opt-3_panic-abort,fat,3,abort,B@2,10329,10040,289,0.4055571691354439,0.002129925452609159,4,4163,1078,0,5884,3078,4,3262,1.0,0.7835695411962527,0.0037593984962406013,0.0037105751391465678,0.5543847722637661,0.5543847722637661
starship,lto-fat_opt-3_panic-abort,fat,3,abort,B@3,10329,10040,289,0.4055571691354439,0.0023235550392099913,2,4163,1078,0,5884,3078,2,3262,1.0,0.7835695411962527,0.0018832391713747645,0.0018552875695732839,0.5543847722637661,0.5543847722637661
starship,lto-fat_opt-3_panic-abort,fat,3,abort,B@4,10329,10040,289,0.4055571691354439,0.0024203698325104077,1,4163,1078,0,5884,3078,1,3262,1.0,0.7835695411962527,0.000942507068803016,0.0009276437847866419,0.5543847722637661,0.5543847722637661
starship,lto-fat_opt-3_panic-abort,fat,3,abort,B@5,10329,10040,289,0.4055571691354439,0.0025171846258108237,0,4163,1078,0,5884,3078,0,3262,,0.7835695411962527,0.0,0.0,0.5543847722637661,0.5543847722637661
starship,lto-fat_opt-3_panic-abort,fat,3,abort,B@6,10329,10040,289,0.4055571691354439,0.0025171846258108237,0,4163,1078,0,5884,3078,0,3262,,0.7835695411962527,0.0,0.0,0.5543847722637661,0.5543847722637661
starship,lto-fat_opt-3_panic-abort,fat,3,abort,C@0.10,10329,10040,289,0.4055571691354439,0.0,51,4138,1078,0,5884,3078,35,3257,0.6862745098039216,0.7870952150797487,0.032467532467532464,0.032467532467532464,0.5535350101971448,0.5535350101971448
starship,lto-fat_opt-3_panic-abort,fat,3,abort,C@0.20,10329,10040,289,0.4055571691354439,0.0,49,4140,1078,0,5884,3078,34,3257,0.6938775510204082,0.7867149758454106,0.03153988868274583,0.03153988868274583,0.5535350101971448,0.5535350101971448
starship,lto-fat_opt-3_panic-abort,fat,3,abort,C@0.30,10329,10040,289,0.4055571691354439,0.0,45,4144,1078,0,5884,3078,31,3257,0.6888888888888889,0.7859555984555985,0.0287569573283859,0.0287569573283859,0.5535350101971448,0.5535350101971448
starship,lto-fat_opt-3_panic-abort,fat,3,abort,C@0.40,10329,10040,289,0.4055571691354439,0.0,36,4153,1078,0,5884,3078,26,3259,0.7222222222222222,0.7847339272814833,0.02411873840445269,0.02411873840445269,0.5538749150237934,0.5538749150237934
starship,lto-fat_opt-3_panic-abort,fat,3,abort,C@0.50,10329,10040,289,0.4055571691354439,0.0,34,4155,1078,0,5884,3078,25,3259,0.7352941176470589,0.7843561973525872,0.023191094619666047,0.023191094619666047,0.5538749150237934,0.5538749150237934
starship,lto-fat_opt-3_panic-abort,fat,3,abort,C@0.60,10329,10040,289,0.4055571691354439,0.0,21,4168,1078,0,5884,3078,19,3260,0.9047619047619048,0.7821497120921305,0.017625231910946195,0.017625231910946195,0.5540448674371176,0.5540448674371176
starship,lto-fat_opt-3_panic-abort,fat,3,abort,C@0.70,10329,10040,289,0.4055571691354439,0.0,18,4171,1078,0,5884,3078,17,3261,0.9444444444444444,0.781826900023975,0.015769944341372914,0.015769944341372914,0.5542148198504419,0.5542148198504419
starship,lto-fat_opt-3_panic-abort,fat,3,abort,C@0.80,10329,10040,289,0.4055571691354439,0.0,16,4173,1078,0,5884,3078,15,3261,0.9375,0.7814521926671459,0.013914656771799629,0.013914656771799629,0.5542148198504419,0.5542148198504419
starship,lto-fat_opt-3_panic-abort,fat,3,abort,C@0.90,10329,10040,289,0.4055571691354439,0.0,15,4174,1078,0,5884,3078,15,3262,1.0,0.7815045519885002,0.013914656771799629,0.013914656771799629,0.5543847722637661,0.5543847722637661
starship,lto-fat_opt-3_panic-unwind,fat,3,unwind,A@1,11763,11474,289,0.3501657740372354,0.0,14,4105,1082,0,6019,4373,14,3143,1.0,0.7656516443361754,0.012939001848428836,0.012939001848428836,0.522179764080412,0.522179764080412
starship,lto-fat_opt-3_panic-unwind,fat,3,unwind,A@2,11763,11474,289,0.3501657740372354,0.0009351355946612259,3,4105,1082,0,6019,4373,3,3143,1.0,0.7656516443361754,0.0028011204481792717,0.0027726432532347504,0.522179764080412,0.522179764080412
starship,lto-fat_opt-3_panic-unwind,fat,3,unwind,A@3,11763,11474,289,0.3501657740372354,0.00102014792144861,2,4105,1082,0,6019,4373,2,3143,1.0,0.7656516443361754,0.001869158878504673,0.0018484288354898336,0.522179764080412,0.522179764080412
starship,lto-fat_opt-3_panic-unwind,fat,3,unwind,A@4,11763,11474,289,0.3501657740372354,0.0011051602482359943,1,4105,1082,0,6019,4373,1,3143,1.0,0.7656516443361754,0.0009354536950420954,0.0009242144177449168,0.522179764080412,0.522179764080412
starship,lto-fat_opt-3_panic-unwind,fat,3,unwind,A@5,11763,11474,289,0.3501657740372354,0.0011901725750233785,0,4105,1082,0,6019,4373,0,3143,,0.7656516443361754,0.0,0.0,0.522179764080412,0.522179764080412
starship,lto-fat_opt-3_panic-unwind,fat,3,unwind,A@6,11763,11474,289,0.3501657740372354,0.0011901725750233785,0,4105,1082,0,6019,4373,0,3143,,0.7656516443361754,0.0,0.0,0.522179764080412,0.522179764080412
starship,lto-fat_opt-3_panic-unwind,fat,3,unwind,B@1,11763,11474,289,0.3501657740372354,0.0,24,4095,1082,0,6019,4373,15,3143,0.625,0.7675213675213676,0.013863216266173753,0.013863216266173753,0.522179764080412,0.522179764080412
starship,lto-fat_opt-3_panic-unwind,fat,3,unwind,B@2,11763,11474,289,0.3501657740372354,0.0017002465357476835,4,4095,1082,0,6019,4373,4,3143,1.0,0.7675213675213676,0.003734827264239029,0.0036968576709796672,0.522179764080412,0.522179764080412
starship,lto-fat_opt-3_panic-unwind,fat,3,unwind,B@3,11763,11474,289,0.3501657740372354,0.0018702711893224518,2,4095,1082,0,6019,4373,2,3143,1.0,0.7675213675213676,0.0018709073900841909,0.0018484288354898336,0.522179764080412,0.522179764080412
starship,lto-fat_opt-3_panic-unwind,fat,3,unwind,B@4,11763,11474,289,0.3501657740372354,0.001955283516109836,1,4095,1082,0,6019,4373,1,3143,1.0,0.7675213675213676,0.0009363295880149813,0.0009242144177449168,0.522179764080412,0.522179764080412
starship,lto-fat_opt-3_panic-unwind,fat,3,unwind,B@5,11763,11474,289,0.3501657740372354,0.00204029584289722,0,4095,1082,0,6019,4373,0,3143,,0.7675213675213676,0.0,0.0,0.522179764080412,0.522179764080412
starship,lto-fat_opt-3_panic-unwind,fat,3,unwind,B@6,11763,11474,289,0.3501657740372354,0.00204029584289722,0,4095,1082,0,6019,4373,0,3143,,0.7675213675213676,0.0,0.0,0.522179764080412,0.522179764080412
starship,lto-fat_opt-3_panic-unwind,fat,3,unwind,C@0.10,11763,11474,289,0.3501657740372354,0.0,48,4071,1082,0,6019,4373,31,3138,0.6458333333333334,0.7708179808400885,0.02865064695009242,0.02865064695009242,0.5213490613058648,0.5213490613058648
starship,lto-fat_opt-3_panic-unwind,fat,3,unwind,C@0.20,11763,11474,289,0.3501657740372354,0.0,45,4074,1082,0,6019,4373,29,3138,0.6444444444444445,0.7702503681885126,0.026802218114602587,0.026802218114602587,0.5213490613058648,0.5213490613058648
starship,lto-fat_opt-3_panic-unwind,fat,3,unwind,C@0.30,11763,11474,289,0.3501657740372354,0.0,42,4077,1082,0,6019,4373,27,3138,0.6428571428571429,0.7696835908756439,0.024953789279112754,0.024953789279112754,0.5213490613058648,0.5213490613058648
starship,lto-fat_opt-3_panic-unwind,fat,3,unwind,C@0.40,11763,11474,289,0.3501657740372354,0.0,35,4084,1082,0,6019,4373,24,3140,0.6857142857142857,0.7688540646425074,0.022181146025878003,0.022181146025878003,0.5216813424156836,0.5216813424156836
starship,lto-fat_opt-3_panic-unwind,fat,3,unwind,C@0.50,11763,11474,289,0.3501657740372354,0.0,31,4088,1082,0,6019,4373,21,3140,0.6774193548387096,0.7681017612524462,0.019408502772643253,0.019408502772643253,0.5216813424156836,0.5216813424156836
starship,lto-fat_opt-3_panic-unwind,fat,3,unwind,C@0.60,11763,11474,289,0.3501657740372354,0.0,20,4099,1082,0,6019,4373,18,3141,0.9,0.7662844596242986,0.0166358595194085,0.0166358595194085,0.5218474829705931,0.5218474829705931
starship,lto-fat_opt-3_panic-unwind,fat,3,unwind,C@0.70,11763,11474,289,0.3501657740372354,0.0,18,4101,1082,0,6019,4373,17,3142,0.9444444444444444,0.7661545964398927,0.015711645101663587,0.015711645101663587,0.5220136235255026,0.5220136235255026
starship,lto-fat_opt-3_panic-unwind,fat,3,unwind,C@0.80,11763,11474,289,0.3501657740372354,0.0,15,4104,1082,0,6019,4373,14,3142,0.9333333333333333,0.7655945419103314,0.012939001848428836,0.012939001848428836,0.5220136235255026,0.5220136235255026
starship,lto-fat_opt-3_panic-unwind,fat,3,unwind,C@0.90,11763,11474,289,0.3501657740372354,0.0,14,4105,1082,0,6019,4373,14,3143,1.0,0.7656516443361754,0.012939001848428836,0.012939001848428836,0.522179764080412,0.522179764080412
starship,lto-fat_opt-z_panic-abort,fat,z,abort,A@1,13302,12712,590,0.2359043752819125,0.0,56,3082,685,0,6872,5155,49,2319,0.875,0.7524334847501623,0.07153284671532846,0.07153284671532846,0.33745634458672874,0.33745634458672874
starship,lto-fat_opt-z_panic-abort,fat,z,abort,A@2,13302,12712,590,0.2359043752819125,0.0019545932942414673,30,3082,685,0,6872,5155,27,2319,0.9,0.7524334847501623,0.04072398190045249,0.03941605839416058,0.3375545851528384,0.33745634458672874
starship,lto-fat_opt-z_panic-abort,fat,z,abort,A@3,13302,12712,590,0.2359043752819125,0.002480829950383401,23,3082,685,0,6872,5155,21,2319,0.9130434782608695,0.7524334847501623,0.0319634703196347,0.030656934306569343,0.33760372688892126,0.33745634458672874
starship,lto-fat_opt-z_panic-abort,fat,z,abort,A@4,13302,12712,590,0.2359043752819125,0.0032325966020147344,13,3082,685,0,6872,5155,11,2319,0.8461538461538461,0.7524334847501623,0.017001545595054096,0.016058394160583942,0.33760372688892126,0.33745634458672874
starship,lto-fat_opt-z_panic-abort,fat,z,abort,A@5,13302,12712,590,0.2359043752819125,0.0036084799278304014,8,3082,685,0,6872,5155,7,2319,0.875,0.7524334847501623,0.01088646967340591,0.010218978102189781,0.33765288293535234,0.33745634458672874
starship,lto-fat_opt-z_panic-abort,fat,z,abort,A@6,13302,12712,590,0.2359043752819125,0.003758833258156668,6,3082,685,0,6872,5155,5,2319,0.8333333333333334,0.7524334847501623,0.0078003120124804995,0.0072992700729927005,0.33765288293535234,0.33745634458672874
starship,lto-fat_opt-z_panic-abort,fat,z,abort,B@1,13302,12712,590,0.2359043752819125,0.0,70,3068,685,0,6872,5155,51,2317,0.7285714285714285,0.7552151238591917,0.07445255474452554,0.07445255474452554,0.33716530849825377,0.33716530849825377
starship,lto-fat_opt-z_panic-abort,fat,z,abort,B@2,13302,12712,590,0.2359043752819125,0.002631183280709668,35,3068,685,0,6872,5155,28,2317,0.8,0.7552151238591917,0.04229607250755287,0.040875912408759124,0.33731256369194934,0.33716530849825377
starship,lto-fat_opt-z_panic-abort,fat,z,abort,B@3,13302,12712,590,0.2359043752819125,0.0032325966020147344,27,3068,685,0,6872,5155,22,2317,0.8148148148148148,0.7552151238591917,0.03353658536585366,0.032116788321167884,0.33741080530071355,0.33716530849825377
starship,lto-fat_opt-z_panic-abort,fat,z,abort,B@4,13302,12712,590,0.2359043752819125,0.0040595399188092015,16,3068,685,0,6872,5155,11,2317,0.6875,0.7552151238591917,0.017054263565891473,0.016058394160583942,0.33741080530071355,0.33716530849825377
starship,lto-fat_opt-z_panic-abort,fat,z,abort,B@5,13302,12712,590,0.2359043752819125,0.004585776574951135,9,3068,685,0,6872,5155,7,2317,0.7777777777777778,0.7552151238591917,0.0109204368174727,0.010218978102189781,0.337459947567725,0.33716530849825377
starship,lto-fat_opt-z_panic-abort,fat,z,abort,B@6,13302,12712,590,0.2359043752819125,0.004736129905277402,7,3068,685,0,6872,5155,5,2317,0.7142857142857143,0.7552151238591917,0.00782472613458529,0.0072992700729927005,0.337459947567725,0.33716530849825377
starship,lto-fat_opt-z_panic-abort,fat,z,abort,C@0.10,13302,12712,590,0.2359043752819125,0.0,78,3060,685,0,6872,5155,55,2315,0.7051282051282052,0.7565359477124183,0.08029197080291971,0.08029197080291971,0.3368742724097788,0.3368742724097788
starship,lto-fat_opt-z_panic-abort,fat,z,abort,C@0.20,13302,12712,590,0.2359043752819125,0.0,75,3063,685,0,6872,5155,54,2316,0.72,0.7561214495592556,0.07883211678832117,0.07883211678832117,0.3370197904540163,0.3370197904540163
starship,lto-fat_opt-z_panic-abort,fat,z,abort,C@0.30,13302,12712,590,0.2359043752819125,0.0,75,3063,685,0,6872,5155,54,2316,0.72,0.7561214495592556,0.07883211678832117,0.07883211678832117,0.3370197904540163,0.3370197904540163
starship,lto-fat_opt-z_panic-abort,fat,z,abort,C@0.40,13302,12712,590,0.2359043752819125,0.0,74,3064,685,0,6872,5155,54,2316,0.7297297297297297,0.7558746736292428,0.07883211678832117,0.07883211678832117,0.3370197904540163,0.3370197904540163
starship,lto-fat_opt-z_panic-abort,fat,z,abort,C@0.50,13302,12712,590,0.2359043752819125,0.0,74,3064,685,0,6872,5155,54,2316,0.7297297297297297,0.7558746736292428,0.07883211678832117,0.07883211678832117,0.3370197904540163,0.3370197904540163
starship,lto-fat_opt-z_panic-abort,fat,z,abort,C@0.60,13302,12712,590,0.2359043752819125,0.0,62,3076,685,0,6872,5155,52,2319,0.8387096774193549,0.7539011703511054,0.07591240875912408,0.07591240875912408,0.33745634458672874,0.33745634458672874
starship,lto-fat_opt-z_panic-abort,fat,z,abort,C@0.70,13302,12712,590,0.2359043752819125,0.0,61,3077,685,0,6872,5155,51,2319,0.8360655737704918,0.7536561585960351,0.07445255474452554,0.07445255474452554,0.33745634458672874,0.33745634458672874
starship,lto-fat_opt-z_panic-abort,fat,z,abort,C@0.80,13302,12712,590,0.2359043752819125,0.0,60,3078,685,0,6872,5155,50,2319,0.8333333333333334,0.753411306042885,0.072992700729927,0.072992700729927,0.33745634458672874,0.33745634458672874
starship,lto-fat_opt-z_panic-abort,fat,z,abort,C@0.90,13302,12712,590,0.2359043752819125,0.0,56,3082,685,0,6872,5155,49,2319,0.875,0.7524334847501623,0.07153284671532846,0.07153284671532846,0.33745634458672874,0.33745634458672874
starship,lto-fat_opt-z_panic-unwind,fat,z,unwind,A@1,14139,13547,592,0.22292948581936486,0.0,57,3095,681,0,6970,5896,50,2317,0.8771929824561403,0.7486268174474959,0.07342143906020558,0.07342143906020558,0.3324246771879483,0.3324246771879483
starship,lto-fat_opt-z_panic-unwind,fat,z,unwind,A@2,14139,13547,592,0.22292948581936486,0.0018388853525709032,31,3095,681,0,6970,5896,28,2317,0.9032258064516129,0.7486268174474959,0.042488619119878605,0.041116005873715125,0.33252009184845005,0.3324246771879483
starship,lto-fat_opt-z_panic-unwind,fat,z,unwind,A@3,14139,13547,592,0.22292948581936486,0.0023339698705707617,24,3095,681,0,6970,5896,22,2317,0.9166666666666666,0.7486268174474959,0.033690658499234305,0.032305433186490456,0.3325678197215444,0.3324246771879483
starship,lto-fat_opt-z_panic-unwind,fat,z,unwind,A@4,14139,13547,592,0.22292948581936486,0.0031119598274276824,13,3095,681,0,6970,5896,11,2317,0.8461538461538461,0.7486268174474959,0.017133956386292833,0.016152716593245228,0.3325678197215444,0.3324246771879483
starship,lto-fat_opt-z_panic-unwind,fat,z,unwind,A@5,14139,13547,592,0.22292948581936486,0.0034655916259990096,8,3095,681,0,6970,5896,7,2317,0.875,0.7486268174474959,0.0109717868338558,0.010279001468428781,0.33261556129773184,0.3324246771879483
starship,lto-fat_opt-z_panic-unwind,fat,z,unwind,A@6,14139,13547,592,0.22292948581936486,0.003607044345427541,6,3095,681,0,6970,5896,5,2317,0.8333333333333334,0.7486268174474959,0.007861635220125786,0.007342143906020558,0.33261556129773184,0.3324246771879483
starship,lto-fat_opt-z_panic-unwind,fat,z,unwind,B@1,14139,13547,592,0.22292948581936486,0.0,69,3083,681,0,6970,5896,51,2315,0.7391304347826086,0.7508919883230619,0.07488986784140969,0.07488986784140969,0.3321377331420373,0.3321377331420373
starship,lto-fat_opt-z_panic-unwind,fat,z,unwind,B@2,14139,13547,592,0.22292948581936486,0.002404696230285027,35,3083,681,0,6970,5896,28,2315,0.8,0.7508919883230619,0.0425531914893617,0.041116005873715125,0.3322807521171236,0.3321377331420373
starship,lto-fat_opt-z_panic-unwind,fat,z,unwind,B@3,14139,13547,592,0.22292948581936486,0.002970507107999151,27,3083,681,0,6970,5896,22,2315,0.8148148148148148,0.7508919883230619,0.03374233128834356,0.032305433186490456,0.33237616654702085,0.3321377331420373
starship,lto-fat_opt-z_panic-unwind,fat,z,unwind,B@4,14139,13547,592,0.22292948581936486,0.003748497064856072,16,3083,681,0,6970,5896,11,2315,0.6875,0.7508919883230619,0.0171606864274571,0.016152716593245228,0.33237616654702085,0.3321377331420373
starship,lto-fat_opt-z_panic-unwind,fat,z,unwind,B@5,14139,13547,592,0.22292948581936486,0.004243581582855931,9,3083,681,0,6970,5896,7,2315,0.7777777777777778,0.7508919883230619,0.01098901098901099,0.010279001468428781,0.33242389431361286,0.3321377331420373
starship,lto-fat_opt-z_panic-unwind,fat,z,unwind,B@6,14139,13547,592,0.22292948581936486,0.004385034302284462,7,3083,681,0,6970,5896,5,2315,0.7142857142857143,0.7508919883230619,0.007874015748031496,0.007342143906020558,0.33242389431361286,0.3321377331420373
starship,lto-fat_opt-z_panic-unwind,fat,z,unwind,C@0.10,14139,13547,592,0.22292948581936486,0.0,79,3073,681,0,6970,5896,56,2313,0.7088607594936709,0.7526846729580214,0.08223201174743025,0.08223201174743025,0.33185078909612625,0.33185078909612625
starship,lto-fat_opt-z_panic-unwind,fat,z,unwind,C@0.20,14139,13547,592,0.22292948581936486,0.0,76,3076,681,0,6970,5896,55,2314,0.7236842105263158,0.7522756827048115,0.08076358296622614,0.08076358296622614,0.33199426111908176,0.33199426111908176
starship,lto-fat_opt-z_panic-unwind,fat,z,unwind,C@0.30,14139,13547,592,0.22292948581936486,0.0,76,3076,681,0,6970,5896,55,2314,0.7236842105263158,0.7522756827048115,0.08076358296622614,0.08076358296622614,0.33199426111908176,0.33199426111908176
starship,lto-fat_opt-z_panic-unwind,fat,z,unwind,C@0.40,14139,13547,592,0.22292948581936486,0.0,73,3079,681,0,6970,5896,54,2314,0.7397260273972602,0.7515427086716466,0.07929515418502203,0.07929515418502203,0.33199426111908176,0.33199426111908176
starship,lto-fat_opt-z_panic-unwind,fat,z,unwind,C@0.50,14139,13547,592,0.22292948581936486,0.0,73,3079,681,0,6970,5896,54,2314,0.7397260273972602,0.7515427086716466,0.07929515418502203,0.07929515418502203,0.33199426111908176,0.33199426111908176
starship,lto-fat_opt-z_panic-unwind,fat,z,unwind,C@0.60,14139,13547,592,0.22292948581936486,0.0,62,3090,681,0,6970,5896,52,2317,0.8387096774193549,0.7498381877022654,0.0763582966226138,0.0763582966226138,0.3324246771879483,0.3324246771879483
starship,lto-fat_opt-z_panic-unwind,fat,z,unwind,C@0.70,14139,13547,592,0.22292948581936486,0.0,61,3091,681,0,6970,5896,51,2317,0.8360655737704918,0.749595600129408,0.07488986784140969,0.07488986784140969,0.3324246771879483,0.3324246771879483
starship,lto-fat_opt-z_panic-unwind,fat,z,unwind,C@0.80,14139,13547,592,0.22292948581936486,0.0,61,3091,681,0,6970,5896,51,2317,0.8360655737704918,0.749595600129408,0.07488986784140969,0.07488986784140969,0.3324246771879483,0.3324246771879483
starship,lto-fat_opt-z_panic-unwind,fat,z,unwind,C@0.90,14139,13547,592,0.22292948581936486,0.0,57,3095,681,0,6970,5896,50,2317,0.8771929824561403,0.7486268174474959,0.07342143906020558,0.07342143906020558,0.3324246771879483,0.3324246771879483
starship,lto-thin_opt-3_panic-abort,thin,3,abort,A@1,12552,11988,564,0.3539674952198853,0.0,26,4417,1106,0,6890,3992,26,3434,1.0,0.7774507584333258,0.023508137432188065,0.023508137432188065,0.4984034833091437,0.4984034833091437
starship,lto-thin_opt-3_panic-abort,thin,3,abort,A@2,12552,11988,564,0.3539674952198853,0.001354365838113448,9,4417,1106,0,6890,3992,9,3434,1.0,0.7774507584333258,0.008264462809917356,0.0081374321880651,0.4984034833091437,0.4984034833091437
starship,lto-thin_opt-3_panic-abort,thin,3,abort,A@3,12552,11988,564,0.3539674952198853,0.0019917144678138943,1,4417,1106,0,6890,3992,1,3434,1.0,0.7774507584333258,0.0009250693802035153,0.0009041591320072332,0.4984034833091437,0.4984034833091437
starship,lto-thin_opt-3_panic-abort,thin,3,abort,A@4,12552,11988,564,0.3539674952198853,0.0019917144678138943,1,4417,1106,0,6890,3992,1,3434,1.0,0.7774507584333258,0.0009250693802035153,0.0009041591320072332,0.4984034833091437,0.4984034833091437
starship,lto-thin_opt-3_panic-abort,thin,3,abort,A@5,12552,11988,564,0.3539674952198853,0.00207138304652645,0,4417,1106,0,6890,3992,0,3434,,0.7774507584333258,0.0,0.0,0.4984034833091437,0.4984034833091437
starship,lto-thin_opt-3_panic-abort,thin,3,abort,A@6,12552,11988,564,0.3539674952198853,0.00207138304652645,0,4417,1106,0,6890,3992,0,3434,,0.7774507584333258,0.0,0.0,0.4984034833091437,0.4984034833091437
starship,lto-thin_opt-3_panic-abort,thin,3,abort,B@1,12552,11988,564,0.3539674952198853,0.0,38,4405,1106,0,6890,3992,30,3434,0.7894736842105263,0.7795686719636776,0.027124773960216998,0.027124773960216998,0.4984034833091437,0.4984034833091437
starship,lto-thin_opt-3_panic-abort,thin,3,abort,B@2,12552,11988,564,0.3539674952198853,0.002310388782664117,9,4405,1106,0,6890,3992,9,3434,1.0,0.7795686719636776,0.008294930875576038,0.0081374321880651,0.4984034833091437,0.4984034833091437
starship,lto-thin_opt-3_panic-abort,thin,3,abort,B@3,12552,11988,564,0.3539674952198853,0.0029477374123645633,1,4405,1106,0,6890,3992,1,3434,1.0,0.7795686719636776,0.0009285051067780873,0.0009041591320072332,0.4984034833091437,0.4984034833091437
starship,lto-thin_opt-3_panic-abort,thin,3,abort,B@4,12552,11988,564,0.3539674952198853,0.0029477374123645633,1,4405,1106,0,6890,3992,1,3434,1.0,0.7795686719636776,0.0009285051067780873,0.0009041591320072332,0.4984034833091437,0.4984034833091437
starship,lto-thin_opt-3_panic-abort,thin,3,abort,B@5,12552,11988,564,0.3539674952198853,0.003027405991077119,0,4405,1106,0,6890,3992,0,3434,,0.7795686719636776,0.0,0.0,0.4984034833091437,0.4984034833091437
starship,lto-thin_opt-3_panic-abort,thin,3,abort,B@6,12552,11988,564,0.3539674952198853,0.003027405991077119,0,4405,1106,0,6890,3992,0,3434,,0.7795686719636776,0.0,0.0,0.4984034833091437,0.4984034833091437
starship,lto-thin_opt-3_panic-abort,thin,3,abort,C@0.10,12552,11988,564,0.3539674952198853,0.0,68,4375,1106,0,6890,3992,49,3426,0.7205882352941176,0.7830857142857143,0.04430379746835443,0.04430379746835443,0.4972423802612482,0.4972423802612482
starship,lto-thin_opt-3_panic-abort,thin,3,abort,C@0.20,12552,11988,564,0.3539674952198853,0.0,66,4377,1106,0,6890,3992,48,3426,0.7272727272727273,0.7827278958190541,0.0433996383363472,0.0433996383363472,0.4972423802612482,0.4972423802612482
starship,lto-thin_opt-3_panic-abort,thin,3,abort,C@0.30,12552,11988,564,0.3539674952198853,0.0,61,4382,1106,0,6890,3992,45,3426,0.7377049180327869,0.7818347786398905,0.0406871609403255,0.0406871609403255,0.4972423802612482,0.4972423802612482
starship,lto-thin_opt-3_panic-abort,thin,3,abort,C@0.40,12552,11988,564,0.3539674952198853,0.0,54,4389,1106,0,6890,3992,41,3428,0.7592592592592593,0.7810435178856231,0.037070524412296565,0.037070524412296565,0.49753265602322205,0.49753265602322205
starship,lto-thin_opt-3_panic-abort,thin,3,abort,C@0.50,12552,11988,564,0.3539674952198853,0.0,51,4392,1106,0,6890,3992,39,3428,0.7647058823529411,0.7805100182149363,0.0352622061482821,0.0352622061482821,0.49753265602322205,0.49753265602322205
starship,lto-thin_opt-3_panic-abort,thin,3,abort,C@0.60,12552,11988,564,0.3539674952198853,0.0,33,4410,1106,0,6890,3992,31,3432,0.9393939393939394,0.7782312925170068,0.02802893309222423,0.02802893309222423,0.4981132075471698,0.4981132075471698
starship,lto-thin_opt-3_panic-abort,thin,3,abort,C@0.70,12552,11988,564,0.3539674952198853,0.0,29,4414,1106,0,6890,3992,28,3433,0.9655172413793104,0.7777526053466244,0.02531645569620253,0.02531645569620253,0.4982583454281567,0.4982583454281567
starship,lto-thin_opt-3_panic-abort,thin,3,abort,C@0.80,12552,11988,564,0.3539674952198853,0.0,27,4416,1106,0,6890,3992,26,3433,0.9629629629629629,0.7774003623188406,0.023508137432188065,0.023508137432188065,0.4982583454281567,0.4982583454281567
starship,lto-thin_opt-3_panic-abort,thin,3,abort,C@0.90,12552,11988,564,0.3539674952198853,0.0,26,4417,1106,0,6890,3992,26,3434,1.0,0.7774507584333258,0.023508137432188065,0.023508137432188065,0.4984034833091437,0.4984034833091437
starship,lto-thin_opt-3_panic-unwind,thin,3,unwind,A@1,14388,13823,565,0.3122741173199889,0.0,27,4466,1115,0,7042,5666,27,3403,1.0,0.7619793999104344,0.0242152466367713,0.0242152466367713,0.48324339676228345,0.48324339676228345
starship,lto-thin_opt-3_panic-unwind,thin,3,unwind,A@2,14388,13823,565,0.3122741173199889,0.0012510425354462051,9,4466,1115,0,7042,5666,9,3403,1.0,0.7619793999104344,0.008204193254329991,0.008071748878923767,0.48324339676228345,0.48324339676228345
starship,lto-thin_opt-3_panic-unwind,thin,3,unwind,A@3,14388,13823,565,0.3122741173199889,0.001807061440088963,1,4466,1115,0,7042,5666,1,3403,1.0,0.7619793999104344,0.0009182736455463728,0.0008968609865470852,0.48324339676228345,0.48324339676228345
starship,lto-thin_opt-3_panic-unwind,thin,3,unwind,A@4,14388,13823,565,0.3122741173199889,0.001807061440088963,1,4466,1115,0,7042,5666,1,3403,1.0,0.7619793999104344,0.0009182736455463728,0.0008968609865470852,0.48324339676228345,0.48324339676228345
starship,lto-thin_opt-3_panic-unwind,thin,3,unwind,A@5,14388,13823,565,0.3122741173199889,0.0018765638031693077,0,4466,1115,0,7042,5666,0,3403,,0.7619793999104344,0.0,0.0,0.48324339676228345,0.48324339676228345
starship,lto-thin_opt-3_panic-unwind,thin,3,unwind,A@6,14388,13823,565,0.3122741173199889,0.0018765638031693077,0,4466,1115,0,7042,5666,0,3403,,0.7619793999104344,0.0,0.0,0.48324339676228345,0.48324339676228345
starship,lto-thin_opt-3_panic-unwind,thin,3,unwind,B@1,14388,13823,565,0.3122741173199889,0.0,38,4455,1115,0,7042,5666,29,3403,0.7631578947368421,0.7638608305274972,0.02600896860986547,0.02600896860986547,0.48324339676228345,0.48324339676228345
starship,lto-thin_opt-3_panic-unwind,thin,3,unwind,B@2,14388,13823,565,0.3122741173199889,0.002015568529329997,9,4455,1115,0,7042,5666,9,3403,1.0,0.7638608305274972,0.00821917808219178,0.008071748878923767,0.48324339676228345,0.48324339676228345
starship,lto-thin_opt-3_panic-unwind,thin,3,unwind,B@3,14388,13823,565,0.3122741173199889,0.002571587433972755,1,4455,1115,0,7042,5666,1,3403,1.0,0.7638608305274972,0.0009199632014719411,0.0008968609865470852,0.48324339676228345,0.48324339676228345
starship,lto-thin_opt-3_panic-unwind,thin,3,unwind,B@4,14388,13823,565,0.3122741173199889,0.002571587433972755,1,4455,1115,0,7042,5666,1,3403,1.0,0.7638608305274972,0.0009199632014719411,0.0008968609865470852,0.48324339676228345,0.48324339676228345
starship,lto-thin_opt-3_panic-unwind,thin,3,unwind,B@5,14388,13823,565,0.3122741173199889,0.0026410897970531,0,4455,1115,0,7042,5666,0,3403,,0.7638608305274972,0.0,0.0,0.48324339676228345,0.48324339676228345
starship,lto-thin_opt-3_panic-unwind,thin,3,unwind,B@6,14388,13823,565,0.3122741173199889,0.0026410897970531,0,4455,1115,0,7042,5666,0,3403,,0.7638608305274972,0.0,0.0,0.48324339676228345,0.48324339676228345
starship,lto-thin_opt-3_panic-unwind,thin,3,unwind,C@0.10,14388,13823,565,0.3122741173199889,0.0,68,4425,1115,0,7042,5666,48,3395,0.7058823529411765,0.7672316384180791,0.04304932735426009,0.04304932735426009,0.4821073558648111,0.4821073558648111
starship,lto-thin_opt-3_panic-unwind,thin,3,unwind,C@0.20,14388,13823,565,0.3122741173199889,0.0,67,4426,1115,0,7042,5666,48,3395,0.7164179104477612,0.7670582919114325,0.04304932735426009,0.04304932735426009,0.4821073558648111,0.4821073558648111
starship,lto-thin_opt-3_panic-unwind,thin,3,unwind,C@0.30,14388,13823,565,0.3122741173199889,0.0,66,4427,1115,0,7042,5666,48,3395,0.7272727272727273,0.7668850237180935,0.04304932735426009,0.04304932735426009,0.4821073558648111,0.4821073558648111
starship,lto-thin_opt-3_panic-unwind,thin,3,unwind,C@0.40,14388,13823,565,0.3122741173199889,0.0,57,4436,1115,0,7042,5666,43,3397,0.7543859649122807,0.7657799819657349,0.03856502242152467,0.03856502242152467,0.4823913660891792,0.4823913660891792
starship,lto-thin_opt-3_panic-unwind,thin,3,unwind,C@0.50,14388,13823,565,0.3122741173199889,0.0,53,4440,1115,0,7042,5666,40,3397,0.7547169811320755,0.7650900900900901,0.03587443946188341,0.03587443946188341,0.4823913660891792,0.4823913660891792
starship,lto-thin_opt-3_panic-unwind,thin,3,unwind,C@0.60,14388,13823,565,0.3122741173199889,0.0,34,4459,1115,0,7042,5666,32,3401,0.9411764705882353,0.7627270688495178,0.028699551569506727,0.028699551569506727,0.48295938653791537,0.48295938653791537
starship,lto-thin_opt-3_panic-unwind,thin,3,unwind,C@0.70,14388,13823,565,0.3122741173199889,0.0,31,4462,1115,0,7042,5666,30,3402,0.967741935483871,0.7624383684446436,0.026905829596412557,0.026905829596412557,0.4831013916500994,0.4831013916500994
starship,lto-thin_opt-3_panic-unwind,thin,3,unwind,C@0.80,14388,13823,565,0.3122741173199889,0.0,28,4465,1115,0,7042,5666,27,3402,0.9642857142857143,0.7619260918253079,0.0242152466367713,0.0242152466367713,0.4831013916500994,0.4831013916500994
starship,lto-thin_opt-3_panic-unwind,thin,3,unwind,C@0.90,14388,13823,565,0.3122741173199889,0.0,27,4466,1115,0,7042,5666,27,3403,1.0,0.7619793999104344,0.0242152466367713,0.0242152466367713,0.48324339676228345,0.48324339676228345
starship,lto-thin_opt-z_panic-abort,thin,z,abort,A@1,30193,28981,1212,0.1652369754578876,0.0,309,4680,1981,0,16129,10871,295,3342,0.9546925566343042,0.7141025641025641,0.14891468955073195,0.14891468955073195,0.2072044144088288,0.2072044144088288
starship,lto-thin_opt-z_panic-abort,thin,z,abort,A@2,30193,28981,1212,0.1652369754578876,0.008710628291325804,46,4680,1981,0,16129,10871,41,3342,0.8913043478260869,0.7141025641025641,0.02374059061957151,0.020696617869762745,0.20728152328971036,0.2072044144088288
starship,lto-thin_opt-z_panic-abort,thin,z,abort,A@3,30193,28981,1212,0.1652369754578876,0.009306792965256848,28,4680,1981,0,16129,10871,27,3342,0.9642857142857143,0.7141025641025641,0.01576182136602452,0.013629480060575468,0.20732009925558312,0.2072044144088288
starship,lto-thin_opt-z_panic-abort,thin,z,abort,A@4,30193,28981,1212,0.1652369754578876,0.009803596860199383,13,4680,1981,0,16129,10871,12,3342,0.9230769230769231,0.7141025641025641,0.007067137809187279,0.006057546693589096,0.20732009925558312,0.2072044144088288
starship,lto-thin_opt-z_panic-abort,thin,z,abort,A@5,30193,28981,1212,0.1652369754578876,0.009936077898850726,9,4680,1981,0,16129,10871,8,3342,0.8888888888888888,0.7141025641025641,0.004722550177095631,0.004038364462392731,0.20732009925558312,0.2072044144088288
starship,lto-thin_opt-z_panic-abort,thin,z,abort,A@6,30193,28981,1212,0.1652369754578876,0.009969198158513562,8,4680,1981,0,16129,10871,7,3342,0.875,0.7141025641025641,0.004134672179562906,0.0035335689045936395,0.20732009925558312,0.2072044144088288
starship,lto-thin_opt-z_panic-abort,thin,z,abort,B@1,30193,28981,1212,0.1652369754578876,0.0,320,4669,1981,0,16129,10871,295,3342,0.921875,0.7157849646605269,0.14891468955073195,0.14891468955073195,0.2072044144088288,0.2072044144088288
starship,lto-thin_opt-z_panic-abort,thin,z,abort,B@2,30193,28981,1212,0.1652369754578876,0.008909349849302818,51,4669,1981,0,16129,10871,41,3342,0.803921568627451,0.7157849646605269,0.02374059061957151,0.020696617869762745,0.20728152328971036,0.2072044144088288
starship,lto-thin_opt-z_panic-abort,thin,z,abort,B@3,30193,28981,1212,0.1652369754578876,0.009538634782896698,32,4669,1981,0,16129,10871,27,3342,0.84375,0.7157849646605269,0.01576182136602452,0.013629480060575468,0.20732009925558312,0.2072044144088288
starship,lto-thin_opt-z_panic-abort,thin,z,abort,B@4,30193,28981,1212,0.1652369754578876,0.010035438677839235,17,4669,1981,0,16129,10871,12,3342,0.7058823529411765,0.7157849646605269,0.007067137809187279,0.006057546693589096,0.20732009925558312,0.2072044144088288
starship,lto-thin_opt-z_panic-abort,thin,z,abort,B@5,30193,28981,1212,0.1652369754578876,0.01030040075514192,9,4669,1981,0,16129,10871,8,3342,0.8888888888888888,0.7157849646605269,0.004722550177095631,0.004038364462392731,0.20732009925558312,0.2072044144088288
starship,lto-thin_opt-z_panic-abort,thin,z,abort,B@6,30193,28981,1212,0.1652369754578876,0.010333521014804756,8,4669,1981,0,16129,10871,7,3342,0.875,0.7157849646605269,0.004134672179562906,0.0035335689045936395,0.20732009925558312,0.2072044144088288
starship,lto-thin_opt-z_panic-abort,thin,z,abort,C@0.10,30193,28981,1212,0.1652369754578876,0.0,321,4668,1981,0,16129,10871,296,3342,0.9221183800623053,0.7159383033419023,0.14941948510853104,0.14941948510853104,0.2072044144088288,0.2072044144088288
starship,lto-thin_opt-z_panic-abort,thin,z,abort,C@0.20,30193,28981,1212,0.1652369754578876,0.0,321,4668,1981,0,16129,10871,296,3342,0.9221183800623053,0.7159383033419023,0.14941948510853104,0.14941948510853104,0.2072044144088288,0.2072044144088288
starship,lto-thin_opt-z_panic-abort,thin,z,abort,C@0.30,30193,28981,1212,0.1652369754578876,0.0,321,4668,1981,0,16129,10871,296,3342,0.9221183800623053,0.7159383033419023,0.14941948510853104,0.14941948510853104,0.2072044144088288,0.2072044144088288
starship,lto-thin_opt-z_panic-abort,thin,z,abort,C@0.40,30193,28981,1212,0.1652369754578876,0.0,321,4668,1981,0,16129,10871,296,3342,0.9221183800623053,0.7159383033419023,0.14941948510853104,0.14941948510853104,0.2072044144088288,0.2072044144088288
starship,lto-thin_opt-z_panic-abort,thin,z,abort,C@0.50,30193,28981,1212,0.1652369754578876,0.0,321,4668,1981,0,16129,10871,296,3342,0.9221183800623053,0.7159383033419023,0.14941948510853104,0.14941948510853104,0.2072044144088288,0.2072044144088288
starship,lto-thin_opt-z_panic-abort,thin,z,abort,C@0.60,30193,28981,1212,0.1652369754578876,0.0,315,4674,1981,0,16129,10871,296,3342,0.9396825396825397,0.7150192554557124,0.14941948510853104,0.14941948510853104,0.2072044144088288,0.2072044144088288
starship,lto-thin_opt-z_panic-abort,thin,z,abort,C@0.70,30193,28981,1212,0.1652369754578876,0.0,313,4676,1981,0,16129,10871,295,3342,0.9424920127795527,0.7147134302822925,0.14891468955073195,0.14891468955073195,0.2072044144088288,0.2072044144088288
starship,lto-thin_opt-z_panic-abort,thin,z,abort,C@0.80,30193,28981,1212,0.1652369754578876,0.0,313,4676,1981,0,16129,10871,295,3342,0.9424920127795527,0.7147134302822925,0.14891468955073195,0.14891468955073195,0.2072044144088288,0.2072044144088288
starship,lto-thin_opt-z_panic-abort,thin,z,abort,C@0.90,30193,28981,1212,0.1652369754578876,0.0,309,4680,1981,0,16129,10871,295,3342,0.9546925566343042,0.7141025641025641,0.14891468955073195,0.14891468955073195,0.2072044144088288,0.2072044144088288
starship,lto-thin_opt-z_panic-unwind,thin,z,unwind,A@1,32113,30888,1225,0.15650982468159313,0.0,308,4718,1976,0,16852,12060,294,3347,0.9545454545454546,0.7094107672742688,0.14878542510121456,0.14878542510121456,0.19861144077854262,0.19861144077854262
starship,lto-thin_opt-z_panic-unwind,thin,z,unwind,A@2,32113,30888,1225,0.15650982468159313,0.008189829663999004,45,4718,1976,0,16852,12060,40,3347,0.8888888888888888,0.7094107672742688,0.023228803716608595,0.020242914979757085,0.19868217974593375,0.19861144077854262
starship,lto-thin_opt-z_panic-unwind,thin,z,unwind,A@3,32113,30888,1225,0.15650982468159313,0.008750350325413384,27,4718,1976,0,16852,12060,26,3347,0.9629629629629629,0.7094107672742688,0.01522248243559719,0.013157894736842105,0.19871756812919314,0.19861144077854262
starship,lto-thin_opt-z_panic-unwind,thin,z,unwind,A@4,32113,30888,1225,0.15650982468159313,0.009217450876592034,12,4718,1976,0,16852,12060,11,3347,0.9166666666666666,0.7094107672742688,0.006497341996455995,0.005566801619433198,0.19871756812919314,0.19861144077854262
starship,lto-thin_opt-z_panic-unwind,thin,z,unwind,A@5,32113,30888,1225,0.15650982468159313,0.009342011023573007,8,4718,1976,0,16852,12060,7,3347,0.875,0.7094107672742688,0.0041444641799881585,0.00354251012145749,0.19871756812919314,0.19861144077854262
starship,lto-thin_opt-z_panic-unwind,thin,z,unwind,A@6,32113,30888,1225,0.15650982468159313,0.009373151060318252,7,4718,1976,0,16852,12060,6,3347,0.8571428571428571,0.7094107672742688,0.0035545023696682463,0.003036437246963563,0.19871756812919314,0.19861144077854262
starship,lto-thin_opt-z_panic-unwind,thin,z,unwind,B@1,32113,30888,1225,0.15650982468159313,0.0,320,4706,1976,0,16852,12060,295,3347,0.921875,0.7112197195070123,0.1492914979757085,0.1492914979757085,0.19861144077854262,0.19861144077854262
starship,lto-thin_opt-z_panic-unwind,thin,z,unwind,B@2,32113,30888,1225,0.15650982468159313,0.008376669884470464,51,4706,1976,0,16852,12060,41,3347,0.803921568627451,0.7112197195070123,0.023809523809523808,0.020748987854251014,0.19868217974593375,0.19861144077854262
starship,lto-thin_opt-z_panic-unwind,thin,z,unwind,B@3,32113,30888,1225,0.15650982468159313,0.008968330582630088,32,4706,1976,0,16852,12060,27,3347,0.84375,0.7112197195070123,0.015807962529274005,0.013663967611336033,0.19871756812919314,0.19861144077854262
starship,lto-thin_opt-z_panic-unwind,thin,z,unwind,B@4,32113,30888,1225,0.15650982468159313,0.009435431133808738,17,4706,1976,0,16852,12060,12,3347,0.7058823529411765,0.7112197195070123,0.0070880094506792675,0.006072874493927126,0.19871756812919314,0.19861144077854262
starship,lto-thin_opt-z_panic-unwind,thin,z,unwind,B@5,32113,30888,1225,0.15650982468159313,0.009684551427770685,9,4706,1976,0,16852,12060,8,3347,0.8888888888888888,0.7112197195070123,0.004736530491415038,0.004048582995951417,0.19871756812919314,0.19861144077854262
starship,lto-thin_opt-z_panic-unwind,thin,z,unwind,B@6,32113,30888,1225,0.15650982468159313,0.009715691464515928,8,4706,1976,0,16852,12060,7,3347,0.875,0.7112197195070123,0.004146919431279621,0.00354251012145749,0.19871756812919314,0.19861144077854262
starship,lto-thin_opt-z_panic-unwind,thin,z,unwind,C@0.10,32113,30888,1225,0.15650982468159313,0.0,321,4705,1976,0,16852,12060,296,3347,0.9221183800623053,0.7113708820403826,0.14979757085020243,0.14979757085020243,0.19861144077854262,0.19861144077854262
starship,lto-thin_opt-z_panic-unwind,thin,z,unwind,C@0.20,32113,30888,1225,0.15650982468159313,0.0,321,4705,1976,0,16852,12060,296,3347,0.9221183800623053,0.7113708820403826,0.14979757085020243,0.14979757085020243,0.19861144077854262,0.19861144077854262
starship,lto-thin_opt-z_panic-unwind,thin,z,unwind,C@0.30,32113,30888,1225,0.15650982468159313,0.0,321,4705,1976,0,16852,12060,296,3347,0.9221183800623053,0.7113708820403826,0.14979757085020243,0.14979757085020243,0.19861144077854262,0.19861144077854262
starship,lto-thin_opt-z_panic-unwind,thin,z,unwind,C@0.40,32113,30888,1225,0.15650982468159313,0.0,321,4705,1976,0,16852,12060,296,3347,0.9221183800623053,0.7113708820403826,0.14979757085020243,0.14979757085020243,0.19861144077854262,0.19861144077854262
starship,lto-thin_opt-z_panic-unwind,thin,z,unwind,C@0.50,32113,30888,1225,0.15650982468159313,0.0,321,4705,1976,0,16852,12060,296,3347,0.9221183800623053,0.7113708820403826,0.14979757085020243,0.14979757085020243,0.19861144077854262,0.19861144077854262
starship,lto-thin_opt-z_panic-unwind,thin,z,unwind,C@0.60,32113,30888,1225,0.15650982468159313,0.0,315,4711,1976,0,16852,12060,296,3347,0.9396825396825397,0.7104648694544683,0.14979757085020243,0.14979757085020243,0.19861144077854262,0.19861144077854262
starship,lto-thin_opt-z_panic-unwind,thin,z,unwind,C@0.70,32113,30888,1225,0.15650982468159313,0.0,313,4713,1976,0,16852,12060,295,3347,0.9424920127795527,0.71016337789094,0.1492914979757085,0.1492914979757085,0.19861144077854262,0.19861144077854262
starship,lto-thin_opt-z_panic-unwind,thin,z,unwind,C@0.80,32113,30888,1225,0.15650982468159313,0.0,313,4713,1976,0,16852,12060,295,3347,0.9424920127795527,0.71016337789094,0.1492914979757085,0.1492914979757085,0.19861144077854262,0.19861144077854262
starship,lto-thin_opt-z_panic-unwind,thin,z,unwind,C@0.90,32113,30888,1225,0.15650982468159313,0.0,309,4717,1976,0,16852,12060,295,3347,0.9546925566343042,0.709561161755353,0.1492914979757085,0.1492914979757085,0.19861144077854262,0.19861144077854262
